Date,Open,High,Low,Close,Volume,Dividends,Stock Splits
2019-07-02 00:00:00-04:00,75.59393571624058,75.7100666982685,74.37900076733908,74.59339904785156,696000,0.0,0.0
2019-07-03 00:00:00-04:00,74.89712475234322,75.86192717847005,74.59339444167257,75.74579620361328,322500,0.0,0.0
2019-07-05 00:00:00-04:00,75.11152930191459,75.71899673454084,74.93285840079041,75.65646362304688,421900,0.0,0.0
2019-07-08 00:00:00-04:00,75.54034173215153,75.82620841851768,74.7006121747256,74.80780792236328,895400,0.0,0.0
2019-07-09 00:00:00-04:00,74.11992045040114,74.28072083734085,73.29805483519701,73.54818725585938,847300,0.0,0.0
2019-07-10 00:00:00-04:00,73.74474539604691,73.92340952061224,72.73527332701441,72.84247589111328,706100,0.0,0.0
2019-07-11 00:00:00-04:00,72.88715943960892,73.90556705192388,72.44942743783591,73.8787612915039,768800,0.0,0.0
2019-07-12 00:00:00-04:00,74.20926214564483,74.65592918800832,74.12886534950653,74.37899780273438,902000,0.0,0.0
2019-07-15 00:00:00-04:00,74.59340372106264,75.12046761359227,73.92340308883753,75.03113555908203,607400,0.0,0.0
2019-07-16 00:00:00-04:00,75.23659690112993,76.3889986759682,74.75419568266753,75.45993041992188,451400,0.0,0.0
2019-07-17 00:00:00-04:00,75.42419937176109,75.50459617037835,74.5487289428711,74.5487289428711,550400,0.0,0.0
2019-07-18 00:00:00-04:00,74.22714630488029,75.52248517442729,74.2182178688007,74.86141967773438,767500,0.0,0.0
2019-07-19 00:00:00-04:00,75.09367566749151,75.38847760885042,74.46834441212368,74.47727966308594,1141900,0.0,0.0
2019-07-22 00:00:00-04:00,74.88820217544331,75.57606646055429,74.53980240802888,75.37953186035156,802800,0.0,0.0
2019-07-23 00:00:00-04:00,75.56714104135537,76.24607698066967,75.27234591829999,75.83514404296875,1079400,0.0,0.0
2019-07-24 00:00:00-04:00,76.18353494485325,76.75526825352917,75.85300567253667,76.6391372680664,692300,0.0,0.0
2019-07-25 00:00:00-04:00,76.30860468668303,76.61234185464869,75.71007241659646,76.1478042602539,507100,0.0,0.0
2019-07-26 00:00:00-04:00,75.9870017333862,76.52300768373293,75.43313891423946,76.4426040649414,700900,0.0,0.0
2019-07-29 00:00:00-04:00,76.397947382937,76.40688263442726,74.98648434947155,75.10261535644531,548700,0.0,0.0
2019-07-30 00:00:00-04:00,74.53981038449794,76.00487797747807,74.29860632549308,75.75474548339844,1144600,0.0,0.0
2019-07-31 00:00:00-04:00,75.48674235970239,78.60447691092466,75.28127248814366,77.20194244384766,2128600,0.0,0.0
2019-08-01 00:00:00-04:00,76.31753559602201,78.2114064200648,75.7368670438562,75.98699951171875,1799900,0.0,0.0
2019-08-02 00:00:00-04:00,76.71953010033336,77.09473560241278,74.78993198728881,76.75526428222656,1034900,0.0,0.0
2019-08-05 00:00:00-04:00,74.95073348865564,75.44206316174053,71.80619359227947,72.91393280029297,1263400,0.0,0.0
2019-08-06 00:00:00-04:00,73.36954581197189,75.66541475939611,72.92287864853837,75.09368133544922,1357500,0.0,0.0
2019-08-07 00:00:00-04:00,74.10206475876437,75.95126617021467,73.72686605281183,75.84407043457031,1124100,0.0,0.0
2019-08-08 00:00:00-04:00,76.70166094344911,79.52459295557301,76.14779138702835,79.31912994384766,1462300,0.0,0.0
2019-08-09 00:00:00-04:00,80.40007069629196,80.40007069629196,78.85459967182214,78.8992691040039,1742300,0.0,0.0
2019-08-12 00:00:00-04:00,78.22033714116829,78.61340635392955,76.23713420856198,76.4426040649414,984000,0.0,0.0
2019-08-13 00:00:00-04:00,76.48728102843855,78.77421453013237,75.97808077796454,77.23767852783203,1173400,0.0,0.0
2019-08-14 00:00:00-04:00,75.56712015924512,75.98698823180061,74.48618683181378,74.88819122314453,890400,0.0,0.0
2019-08-15 00:00:00-04:00,75.334869922751,75.73686756090326,74.25393642748067,74.62913513183594,665900,0.0,0.0
2019-08-16 00:00:00-04:00,75.19191665030898,76.68378270540217,75.0132525872261,76.46044921875,745900,0.0,0.0
2019-08-19 00:00:00-04:00,77.33592880772385,77.35379248994666,76.65699301809195,77.01432800292969,508400,0.0,0.0
2019-08-20 00:00:00-04:00,76.8446050393143,76.91607341120147,75.98700502346553,76.28180694580078,691500,0.0,0.0
2019-08-21 00:00:00-04:00,76.82674838446377,77.50568434832229,76.31754811546979,76.987548828125,549200,0.0,0.0
2019-08-22 00:00:00-04:00,77.21086136586672,77.65752838595952,76.41579461534934,76.88032531738281,493400,0.0,0.0
2019-08-23 00:00:00-04:00,76.35328391985354,76.86248419961908,73.67328101254017,73.98594665527344,943500,0.0,0.0
2019-08-26 00:00:00-04:00,75.00433507131935,75.09366712397996,74.27180133454434,74.62020111083984,497900,0.0,0.0
2019-08-27 00:00:00-04:00,74.87926518274341,75.0936634617928,74.34326607732073,74.36112976074219,654400,0.0,0.0
2019-08-28 00:00:00-04:00,74.09313821150268,75.44206790043827,73.82513523436909,75.0847396850586,469800,0.0,0.0
2019-08-29 00:00:00-04:00,76.04953418465293,76.79993841919237,75.90660426392081,76.39793395996094,410000,0.0,0.0
2019-08-30 00:00:00-04:00,77.14834282004647,77.4699436804742,76.71061096608616,77.12154388427734,700900,0.0,0.0
2019-09-03 00:00:00-04:00,76.26395494265898,76.28181863056759,75.09368232444254,76.02275085449219,955200,0.0,0.0
2019-09-04 00:00:00-04:00,77.01432390239628,77.63966179646644,76.73739254130095,77.46099090576172,644500,0.0,0.0
2019-09-05 00:00:00-04:00,78.36327830777985,79.16728046314267,78.10421056796298,78.14888000488281,787800,0.0,0.0
2019-09-06 00:00:00-04:00,78.675947783072,78.675947783072,77.8719455882259,78.0774154663086,854900,0.0,0.0
2019-09-09 00:00:00-04:00,78.3275340746919,78.97073571648198,77.6396698173098,77.73793029785156,1270200,0.0,0.0
2019-09-10 00:00:00-04:00,78.19354834441346,78.19354834441346,76.9518142419461,77.36274719238281,1122700,0.0,0.0
2019-09-11 00:00:00-04:00,77.85407388606266,79.47100654461812,77.57713566015185,79.39060974121094,983300,0.0,0.0
2019-09-12 00:00:00-04:00,79.50673419591176,80.74846803866747,78.94393617151111,80.36433410644531,919900,0.0,0.0
2019-09-13 00:00:00-04:00,80.42687666222396,82.30287711272975,80.42687666222396,81.33808135986328,780100,0.0,0.0
2019-09-16 00:00:00-04:00,81.32912431774787,81.85618808124502,80.77525481042106,81.37378692626953,661400,0.0,0.0
2019-09-17 00:00:00-04:00,81.04328416240571,81.76688272312737,80.7574174753404,80.98075103759766,665800,0.0,0.0
2019-09-18 00:00:00-04:00,80.91823727104541,81.83837067717499,80.38223795651956,81.18623352050781,931500,0.0,0.0
2019-09-19 00:00:00-04:00,81.26662492597725,81.45422431702524,80.53409104948513,80.74848937988281,697800,0.0,0.0
2019-09-20 00:00:00-04:00,80.92714119724822,81.28447623723626,79.70327771595784,80.31074523925781,1143400,0.0,0.0
2019-09-23 00:00:00-04:00,79.83729346797809,80.52515791994826,78.97969330818661,79.23875427246094,1095400,0.0,0.0
2019-09-24 00:00:00-04:00,79.16727431442426,79.6675392541961,78.01487245050815,78.55980682373047,988400,0.0,0.0
2019-09-25 00:00:00-04:00,78.50620286978221,78.80100477585728,77.53247191502354,78.318603515625,838600,0.0,0.0
2019-09-26 00:00:00-04:00,78.25606743494308,78.60446719598795,77.70220464333248,78.10420227050781,1071800,0.0,0.0
2019-09-27 00:00:00-04:00,78.25678481389834,78.92986498206923,77.1708829642137,77.29652404785156,866900,0.4,0.0
2019-09-30 00:00:00-04:00,77.32342488548858,78.98368732713097,76.82085388678354,78.68753051757812,1231800,0.0,0.0
2019-10-01 00:00:00-04:00,78.94780329346942,79.39652332415012,75.178550927597,75.55548095703125,1141800,0.0,0.0
2019-10-02 00:00:00-04:00,74.4606068159796,74.92727265924024,73.35675247109,74.81060791015625,1359300,0.0,0.0
2019-10-03 00:00:00-04:00,74.65803034733369,74.68495244986286,73.41955885560546,74.66699981689453,840100,0.0,0.0
2019-10-04 00:00:00-04:00,74.46956796172914,74.9362337099111,73.45545646482162,73.76058959960938,1131200,0.0,0.0
2019-10-07 00:00:00-04:00,73.7247191871938,73.82343816416221,72.73753626443546,72.74650573730469,940500,0.0,0.0
2019-10-08 00:00:00-04:00,72.11829076416568,72.414447655952,70.906747935042,70.93367004394531,875000,0.0,0.0
2019-10-09 00:00:00-04:00,72.0105787817036,72.0105787817036,70.80801255007566,71.32852935791016,988800,0.0,0.0
2019-10-10 00:00:00-04:00,71.61570789359386,72.0554515344236,70.94262795792822,71.72339630126953,917600,0.0,0.0
2019-10-11 00:00:00-04:00,72.87211665692809,76.06700733560277,72.87211665692809,75.16059112548828,1164800,0.0,0.0
2019-10-14 00:00:00-04:00,74.66699931899275,74.86443719878783,73.89520043266106,73.9939193725586,561800,0.0,0.0
2019-10-15 00:00:00-04:00,74.43367198578903,75.11572142113589,73.76059202019849,74.5234146118164,578600,0.0,0.0
2019-10-16 00:00:00-04:00,75.34009020469125,76.66830450448889,74.91829912843133,75.17855072021484,1255500,0.0,0.0
2019-10-17 00:00:00-04:00,75.42087088897668,76.31831103732681,75.19651085188914,75.74394989013672,872400,0.0,0.0
2019-10-18 00:00:00-04:00,75.68110316107983,75.76186945995488,74.31699077341668,74.4964828491211,541200,0.0,0.0
2019-10-21 00:00:00-04:00,75.10676246190772,75.32214616389918,74.64008978618108,74.9721450805664,523000,0.0,0.0
2019-10-22 00:00:00-04:00,74.87342662125066,75.2683024499609,73.5990633428624,73.73368072509766,673900,0.0,0.0
2019-10-23 00:00:00-04:00,73.482397393409,74.18240646541071,73.16829470868548,74.06573486328125,563500,0.0,0.0
2019-10-24 00:00:00-04:00,74.71189097275833,75.28625210935948,74.2362487984097,74.83753204345703,497400,0.0,0.0
2019-10-25 00:00:00-04:00,74.5054636236529,75.42983254822447,73.87725838066604,75.36701202392578,561200,0.0,0.0
2019-10-28 00:00:00-04:00,75.93240500735892,76.37214872531295,74.91830019132328,75.4118881225586,783600,0.0,0.0
2019-10-29 00:00:00-04:00,75.0529157770416,76.23753647744842,74.8375320624926,76.20164489746094,916500,0.0,0.0
2019-10-30 00:00:00-04:00,79.50420235488428,81.9631927622339,78.66958976948735,81.6401138305664,1573500,0.0,0.0
2019-10-31 00:00:00-04:00,81.89138558392968,83.4619053074571,81.29907200167648,82.1157455444336,1185300,0.0,0.0
2019-11-01 00:00:00-04:00,82.70808231969377,85.36450417534347,82.44782387089683,85.26578521728516,1732300,0.0,0.0
2019-11-04 00:00:00-05:00,85.26578385776786,86.4324518527899,85.10424436960488,86.14527130126953,1016700,0.0,0.0
2019-11-05 00:00:00-05:00,86.29784150760214,87.21322737791608,85.98373200159568,86.9439926147461,1157200,0.0,0.0
2019-11-06 00:00:00-05:00,87.05167530228309,88.10167840235827,86.74654900527257,87.51834106445312,1386000,0.0,0.0
2019-11-07 00:00:00-05:00,88.038862299176,88.07476072067172,85.95680178089127,86.89911651611328,1060300,0.0,0.0
2019-11-08 00:00:00-05:00,86.88116480651844,87.69783849865863,86.15424059253456,87.67988586425781,787600,0.0,0.0
2019-11-11 00:00:00-05:00,86.90807992465584,88.86449925471173,86.71064889058547,88.85552978515625,817100,0.0,0.0
2019-11-12 00:00:00-05:00,88.55937092600438,88.89142615884653,87.69782943079241,88.26321411132812,1071300,0.0,0.0
2019-11-13 00:00:00-05:00,87.78758005017198,87.85040057595444,85.98372374281313,86.45936584472656,823600,0.0,0.0
2019-11-14 00:00:00-05:00,85.9747541446529,87.16834413274266,85.55295625205987,87.08757781982422,648800,0.0,0.0
2019-11-15 00:00:00-05:00,87.6619640517141,87.84144936326697,86.85426645587468,87.05170440673828,609400,0.0,0.0
2019-11-18 00:00:00-05:00,86.80043196745693,87.7696691911753,86.6209397888462,87.01581573486328,547100,0.0,0.0
2019-11-19 00:00:00-05:00,87.41963668333992,87.74270879524518,86.33372822082111,87.45552825927734,640400,0.0,0.0
2019-11-20 00:00:00-05:00,86.95296594986837,87.73374125873808,86.83630120818981,87.12348175048828,699300,0.0,0.0
2019-11-21 00:00:00-05:00,87.25810289217856,87.88630821589639,86.36963227401755,87.86836242675781,762300,0.0,0.0
2019-11-22 00:00:00-05:00,87.99399531856962,88.1286058419175,86.64783530969964,87.25809478759766,788200,0.0,0.0
2019-11-25 00:00:00-05:00,87.77860515790672,88.78374043366523,87.18629831190404,88.41578674316406,851600,0.0,0.0
2019-11-26 00:00:00-05:00,88.60425517049445,88.69399780207983,87.68886252632134,88.41578674316406,746100,0.0,0.0
2019-11-27 00:00:00-05:00,88.62221729455085,89.15170371135625,88.4247793605132,88.64913940429688,977100,0.0,0.0
2019-11-29 00:00:00-05:00,88.66706874666214,88.80167926002612,87.7516761742469,87.91321563720703,401400,0.0,0.0
2019-12-02 00:00:00-05:00,87.97604185503616,88.46066027529288,87.24014133099975,87.82347869873047,649400,0.0,0.0
2019-12-03 00:00:00-05:00,86.69270933840956,87.38374202615512,86.0734803464053,87.27604675292969,780800,0.0,0.0
2019-12-04 00:00:00-05:00,87.46449698457391,88.5145000861641,86.9260343822397,86.97090911865234,645700,0.0,0.0
2019-12-05 00:00:00-05:00,87.40169991188606,88.01195951744553,86.9709324532119,87.9401626586914,653700,0.0,0.0
2019-12-06 00:00:00-05:00,88.71195697033718,88.84657436148198,88.04785318012772,88.32605743408203,826800,0.0,0.0
2019-12-09 00:00:00-05:00,88.52349502705884,89.30427041520898,88.18247023811534,89.01708984375,710400,0.0,0.0
2019-12-10 00:00:00-05:00,88.78374488561231,89.38502807900127,87.5183511219579,87.79656219482422,598900,0.0,0.0
2019-12-11 00:00:00-05:00,88.05680482218494,88.45167371944902,87.72474959667099,88.17346954345703,765700,0.0,0.0
2019-12-12 00:00:00-05:00,88.1465809399206,89.56453815388292,87.9581193122814,89.29530334472656,651200,0.0,0.0
2019-12-13 00:00:00-05:00,89.56453305445918,90.17479265313247,88.81965605887225,89.00811767578125,602800,0.0,0.0
2019-12-16 00:00:00-05:00,89.74400666652102,90.62350094449963,89.27734084450181,89.313232421875,587400,0.0,0.0
2019-12-17 00:00:00-05:00,89.86964659501054,90.84785981574282,89.44784867348808,90.56964874267578,849900,0.0,0.0
2019-12-18 00:00:00-05:00,90.4081184600561,90.97351013450054,89.58247516836654,89.98632049560547,1348600,0.0,0.0
2019-12-19 00:00:00-05:00,89.97733472835056,91.49400364566155,87.99399318500257,88.28117370605469,1834200,0.0,0.0
2019-12-20 00:00:00-05:00,88.91834470579317,89.46578357882098,88.36192951685199,88.8824462890625,2375800,0.0,0.0
2019-12-23 00:00:00-05:00,88.84656432604467,90.0311849098483,87.73374058899863,89.97734069824219,719300,0.0,0.0
2019-12-24 00:00:00-05:00,89.94144344270038,90.9286261342007,89.76195132347578,90.56964874267578,248800,0.0,0.0
2019-12-26 00:00:00-05:00,90.59656596182855,91.09016070441513,90.22861911938354,91.08118438720703,307200,0.0,0.0
2019-12-27 00:00:00-05:00,91.18887661863597,91.34143977147754,90.51579663582757,90.75810241699219,451600,0.0,0.0
2019-12-30 00:00:00-05:00,90.76711688142757,90.80317217323558,89.35197934297103,89.43310546875,452000,0.44,0.0
2019-12-31 00:00:00-05:00,89.25281549739921,90.08207332975154,89.15367205599156,89.97390747070312,411400,0.0,0.0
2020-01-02 00:00:00-05:00,90.46967204144438,91.3980734484001,89.6404140901202,90.02799987792969,1023100,0.0,0.0
2020-01-03 00:00:00-05:00,88.78412635439432,89.6133774577187,88.62188097532268,89.44212341308594,835100,0.0,0.0
2020-01-06 00:00:00-05:00,88.87427627160658,89.15370311896228,88.18023067887714,88.65795135498047,804900,0.0,0.0
2020-01-07 00:00:00-05:00,89.16269962292351,91.26287407934007,88.59484421542707,90.27137756347656,1462900,0.0,0.0
2020-01-08 00:00:00-05:00,90.43362718364585,90.7851577204907,89.09960875078612,90.54178619384766,1433500,0.0,0.0
2020-01-09 00:00:00-05:00,90.90233455182063,91.43414158040298,89.46015707261839,89.70352172851562,925500,0.0,0.0
2020-01-10 00:00:00-05:00,89.94688088475543,89.94688088475543,87.85572210844008,88.33344268798828,734200,0.0,0.0
2020-01-13 00:00:00-05:00,88.38751481545971,89.14466212274061,88.17118996059793,89.11762237548828,1020600,0.0,0.0
2020-01-14 00:00:00-05:00,89.0365115583828,89.36100233486285,88.47767168087942,88.58583068847656,731200,0.0,0.0
2020-01-15 00:00:00-05:00,89.11764265000555,89.44213344454236,88.32443987365127,88.79315185546875,629500,0.0,0.0
2020-01-16 00:00:00-05:00,89.10861899613809,89.79365581968148,88.81116798207852,89.76660919189453,485900,0.0,0.0
2020-01-17 00:00:00-05:00,89.91082901000976,90.13616943359375,89.03650706620887,90.13616943359375,943200,0.0,0.0
2020-01-21 00:00:00-05:00,89.48719476417668,89.66747124295154,88.44161869466053,88.46865844726562,872200,0.0,0.0
2020-01-22 00:00:00-05:00,88.59484984645836,88.61287405617857,87.85573346472663,87.97290802001953,650100,0.0,0.0
2020-01-23 00:00:00-05:00,87.11660899032854,87.68446438116679,85.50317073488712,87.27885437011719,905700,0.0,0.0
2020-01-24 00:00:00-05:00,87.49517887974274,87.70249509403257,85.81864558798651,86.2422866821289,591000,0.0,0.0
2020-01-27 00:00:00-05:00,84.25027491846868,85.18769186405902,83.55622259370139,84.56575012207031,889400,0.0,0.0
2020-01-28 00:00:00-05:00,84.95334678018517,85.90878805531901,84.53872119141305,85.71048736572266,694900,0.0,0.0
2020-01-29 00:00:00-05:00,85.92681787260759,87.03548898174739,85.82766752927385,86.8642349243164,854400,0.0,0.0
2020-01-30 00:00:00-05:00,85.90877782391621,87.09857494294957,85.56626286794305,86.57579040527344,703700,0.0,0.0
2020-01-31 00:00:00-05:00,85.77357679800028,86.56677256400812,85.4040152254275,86.1611557006836,919500,0.0,0.0
2020-02-03 00:00:00-05:00,86.59381294725077,88.42357598603478,86.1521476667824,87.9819107055664,930400,0.0,0.0
2020-02-04 00:00:00-05:00,88.96440217847682,89.46015389285256,87.7836204838566,89.21678924560547,1044800,0.0,0.0
2020-02-05 00:00:00-05:00,89.99194277393696,91.93888721586369,89.58633278695734,91.77664184570312,1366100,0.0,0.0
2020-02-06 00:00:00-05:00,93.27291436520429,98.04111184069181,92.02903078303865,97.27495574951172,2297600,0.0,0.0
2020-02-07 00:00:00-05:00,96.49977778781424,96.94144995560278,93.49824866561298,94.7691650390625,1393500,0.0,0.0
2020-02-10 00:00:00-05:00,94.51678466796875,95.11167979044373,93.957937960443,94.51678466796875,620000,0.0,0.0
2020-02-11 00:00:00-05:00,94.84128452755395,96.19332715386919,94.52580929011596,94.86832427978516,1018300,0.0,0.0
2020-02-12 00:00:00-05:00,95.62545876273275,96.43668566225327,94.89535799158627,95.9409408569336,681300,0.0,0.0
2020-02-13 00:00:00-05:00,95.33702302853835,95.62545849457636,93.75063140375126,95.03056335449219,813400,0.0,0.0
2020-02-14 00:00:00-05:00,94.9764774559952,96.33752856635812,94.4446705181841,95.06661224365234,588700,0.0,0.0
2020-02-18 00:00:00-05:00,94.82324977428613,95.40012072238969,94.27341857736802,95.35505676269531,644300,0.0,0.0
2020-02-19 00:00:00-05:00,95.54434115356449,96.68906749817788,95.36407156250294,95.949951171875,599700,0.0,0.0
2020-02-20 00:00:00-05:00,95.95897340906862,97.87887150750788,95.85080752077904,97.60846710205078,848100,0.0,0.0
2020-02-21 00:00:00-05:00,96.86934240037306,97.20284182613092,95.63447440334413,96.06713104248047,631700,0.0,0.0
2020-02-24 00:00:00-05:00,92.87630173121924,93.12868188338625,91.40708477290794,92.29943084716797,1062700,0.0,0.0
2020-02-25 00:00:00-05:00,92.78618357457916,93.03856377197896,87.72954345275802,88.0990982055664,913500,0.0,0.0
2020-02-26 00:00:00-05:00,88.83821161553549,89.86576345733582,87.29688385283498,87.33293914794922,813900,0.0,0.0
2020-02-27 00:00:00-05:00,84.72800382626193,87.17069332411688,83.23174003227457,83.24977111816406,976900,0.0,0.0
2020-02-28 00:00:00-05:00,80.49159336315643,84.19619007698857,79.9507709034797,83.91676330566406,1861500,0.0,0.0
2020-03-02 00:00:00-05:00,84.36744807507242,87.39602373369728,82.10502843459247,87.35095977783203,1207000,0.0,0.0
2020-03-03 00:00:00-05:00,86.65688620346812,88.93732949142645,83.49310569978316,85.25977325439453,896300,0.0,0.0
2020-03-04 00:00:00-05:00,86.62085237501054,89.60436408470596,85.44908636713653,89.55027770996094,928800,0.0,0.0
2020-03-05 00:00:00-05:00,87.07154250414801,87.57630975361673,84.4395678799717,85.47613525390625,798500,0.0,0.0
2020-03-06 00:00:00-05:00,82.79910906132605,83.32190064140637,79.59026272828082,81.60029602050781,1127700,0.0,0.0
2020-03-09 00:00:00-04:00,76.16507736989999,77.00334417697388,71.22561133832414,71.42391204833984,1560000,0.0,0.0
2020-03-10 00:00:00-04:00,74.68683133504273,78.40945269647297,73.70434350183622,78.40044403076172,1456700,0.0,0.0
2020-03-11 00:00:00-04:00,76.16505740143342,77.21064018853914,73.93869308478888,75.04737091064453,1023300,0.0,0.0
2020-03-12 00:00:00-04:00,69.84651659586291,71.68529529930866,67.0432811431281,69.80145263671875,1594800,0.0,0.0
2020-03-13 00:00:00-04:00,75.29073279891044,79.52713641413722,70.49548939693673,79.3648910522461,1719100,0.0,0.0
2020-03-16 00:00:00-04:00,68.56657919380825,72.28019159995428,55.74921566354744,64.00569152832031,1827700,0.0,0.0
2020-03-17 00:00:00-04:00,65.24055963865649,65.36674973089642,61.04021754657554,61.869468688964844,1613200,0.0,0.0
2020-03-18 00:00:00-04:00,58.128822184798686,58.75977958858006,51.17031123200283,53.919464111328125,2340500,0.0,0.0
2020-03-19 00:00:00-04:00,53.21640136265801,65.12338988532854,51.449733064346596,60.85093688964844,1568500,0.0,0.0
2020-03-20 00:00:00-04:00,61.707220660704934,64.37525044603495,57.41674051610244,58.87694549560547,1742000,0.0,0.0
2020-03-23 00:00:00-04:00,58.426266705470326,60.382219997140965,56.506365269577934,57.849395751953125,1204300,0.0,0.0
2020-03-24 00:00:00-04:00,61.65314243878561,65.55604029982169,59.71521338379184,61.94157791137695,1463300,0.0,0.0
2020-03-25 00:00:00-04:00,62.33818211084898,69.58512455014706,61.25654388161976,66.3943099975586,1738500,0.0,0.0
2020-03-26 00:00:00-04:00,67.83647315786634,73.794473639529,66.70075566295407,72.29821014404297,1609400,0.0,0.0
2020-03-27 00:00:00-04:00,69.25162492505396,70.88308749248465,67.83648725217589,69.06233978271484,1033400,0.0,0.0
2020-03-30 00:00:00-04:00,68.80851120486601,75.46271687161054,68.34615959749016,74.91877746582031,1614100,0.44,0.0
2020-03-31 00:00:00-04:00,74.79185104291737,77.04920315593839,73.01497880570363,74.05753326416016,2046500,0.0,0.0
2020-04-01 00:00:00-04:00,70.73948598334795,72.36224321332399,68.1557690761763,69.77852630615234,1645000,0.0,0.0
2020-04-02 00:00:00-04:00,70.27712403817287,73.09655009747493,66.5420695951184,67.24919128417969,1591000,0.0,0.0
2020-04-03 00:00:00-04:00,67.33987044869882,69.60629046604365,63.913044489123855,64.25753784179688,1562300,0.0,0.0
2020-04-06 00:00:00-04:00,68.17389807451457,71.77297346759195,67.03162758821917,70.73948669433594,992300,0.0,0.0
2020-04-07 00:00:00-04:00,74.33854937785478,76.43271849458948,71.8817518076717,72.01773834228516,1603300,0.0,0.0
2020-04-08 00:00:00-04:00,72.7974020610608,76.11543683826616,71.60073276028058,75.12728118896484,1045400,0.0,0.0
2020-04-09 00:00:00-04:00,77.60219561104508,82.50673030645639,75.70747239223113,81.59109497070312,1543500,0.0,0.0
2020-04-13 00:00:00-04:00,80.48509491161239,81.28287906896432,76.24235697595604,78.53597259521484,883000,0.0,0.0
2020-04-14 00:00:00-04:00,79.96834268291425,80.95650515526756,78.38184907507411,78.57222747802734,940900,0.0,0.0
2020-04-15 00:00:00-04:00,75.10913236086182,77.41181514269246,73.24160511715523,76.18795013427734,991400,0.0,0.0
2020-04-16 00:00:00-04:00,75.67120756082652,76.67749826826841,73.9577951490336,75.5442886352539,654300,0.0,0.0
2020-04-17 00:00:00-04:00,77.97388555903858,79.52411541146368,76.9313313776124,78.05547332763672,863400,0.0,0.0
2020-04-20 00:00:00-04:00,76.71376155844017,78.19146442515,75.83438977941454,76.65936279296875,763700,0.0,0.0
2020-04-21 00:00:00-04:00,74.79185073110395,76.83162847831588,74.17538429083956,75.7800064086914,791600,0.0,0.0
2020-04-22 00:00:00-04:00,77.42996773455376,78.10989366021764,75.39925065664474,76.25142669677734,571400,0.0,0.0
2020-04-23 00:00:00-04:00,77.52060872104396,80.63013631931229,77.51154110708387,79.20682525634766,836800,0.0,0.0
2020-04-24 00:00:00-04:00,80.00461308069252,82.27103271470648,79.34281550427237,79.95928192138672,901100,0.0,0.0
2020-04-27 00:00:00-04:00,80.3672267974866,82.57018655250717,79.88674703025603,81.93558502197266,677100,0.0,0.0
2020-04-28 00:00:00-04:00,83.98444291553878,84.21108487222288,82.1713072620659,82.39794921875,745400,0.0,0.0
2020-04-29 00:00:00-04:00,84.96354052276786,86.77667623373921,84.17482399853235,86.14207458496094,669300,0.0,0.0
2020-04-30 00:00:00-04:00,85.04512429974183,85.38962449518328,83.24105628902907,83.31358337402344,1130100,0.0,0.0
2020-05-01 00:00:00-04:00,81.68176006167019,82.60646312111545,80.13152990307935,81.5185775756836,808700,0.0,0.0
2020-05-04 00:00:00-04:00,80.02273956916171,81.45511840516136,79.55132733932778,81.26473999023438,693000,0.0,0.0
2020-05-05 00:00:00-04:00,82.27104259469655,83.91192839347742,80.77520407329824,81.13783264160156,1179100,0.0,0.0
2020-05-06 00:00:00-04:00,81.55483012683953,84.31079678729343,79.13429600808261,83.38610076904297,1228800,0.0,0.0
2020-05-07 00:00:00-04:00,85.43494421496473,87.82828256062345,84.700626538804,85.31709289550781,829000,0.0,0.0
2020-05-08 00:00:00-04:00,86.49563245728271,87.37499736598637,84.65529411253289,84.74595642089844,982300,0.0,0.0
2020-05-11 00:00:00-04:00,83.15944130639316,83.87562355763518,81.97183315687981,82.950927734375,730400,0.0,0.0
2020-05-12 00:00:00-04:00,82.96001516012274,83.97536659419676,80.77518360425735,80.81144714355469,927800,0.0,0.0
2020-05-13 00:00:00-04:00,80.59387141338752,81.30099312589898,78.52689812556544,80.47601318359375,770900,0.0,0.0
2020-05-14 00:00:00-04:00,79.2158968857199,80.74799877795034,77.58407889241916,80.33097839355469,959100,0.0,0.0
2020-05-15 00:00:00-04:00,79.9048721509765,80.34002766644527,79.27933825891589,79.79608154296875,784200,0.0,0.0
2020-05-18 00:00:00-04:00,83.44049006878679,84.37425367221897,82.3072804691725,82.34354400634766,740900,0.0,0.0
2020-05-19 00:00:00-04:00,82.24382477644014,82.86935871738746,80.78425019193828,80.84770965576172,732900,0.0,0.0
2020-05-20 00:00:00-04:00,82.2438196895336,84.89099561181193,81.78146824366695,84.37425231933594,506200,0.0,0.0
2020-05-21 00:00:00-04:00,84.07508642423855,84.52837027349925,82.86028902816992,83.286376953125,442500,0.0,0.0
2020-05-22 00:00:00-04:00,82.88751707564026,84.66438962338397,82.65180744603758,84.58280181884766,500400,0.0,0.0
2020-05-26 00:00:00-04:00,87.22995063694187,87.98240353481081,85.70691652936175,85.96075439453125,629800,0.0,0.0
2020-05-27 00:00:00-04:00,87.42940360952237,87.90988345206337,85.6343962654824,87.2299575805664,690400,0.0,0.0
2020-05-28 00:00:00-04:00,88.19091933427488,89.28786560269923,86.58629728319168,88.52635192871094,752200,0.0,0.0
2020-05-29 00:00:00-04:00,88.23623724041218,89.46916988445327,87.3387302238628,89.21533203125,681800,0.0,0.0
2020-06-01 00:00:00-04:00,89.0431100618608,90.4845498618321,88.63515031194378,89.64144134521484,687000,0.0,0.0
2020-06-02 00:00:00-04:00,90.1672382048089,91.59961707848801,89.0249607686351,91.48176574707031,573000,0.0,0.0
2020-06-03 00:00:00-04:00,92.47899158653475,94.54596525100267,91.88972107987685,92.38833618164062,763500,0.0,0.0
2020-06-04 00:00:00-04:00,91.85345928976461,91.9622499276548,89.5145124493571,90.47547912597656,968200,0.0,0.0
2020-06-05 00:00:00-04:00,92.88694572159764,95.17150069100859,92.27047927613674,93.5668716430664,846000,0.0,0.0
2020-06-08 00:00:00-04:00,93.46715543251804,95.87862952967674,92.9776079033979,94.81793975830078,1012800,0.0,0.0
2020-06-09 00:00:00-04:00,94.56407744522153,95.66102356554374,92.87786091869306,94.50061798095703,777400,0.0,0.0
2020-06-10 00:00:00-04:00,94.81791684342951,95.1624170120901,92.96852473578662,93.21329498291016,443900,0.0,0.0
2020-06-11 00:00:00-04:00,89.76833812259045,90.73836536610051,85.52560065489267,86.02421569824219,1021500,0.0,0.0
2020-06-12 00:00:00-04:00,89.23346272395668,89.5144965094238,86.74946905858693,88.24530029296875,696100,0.0,0.0
2020-06-15 00:00:00-04:00,85.82475843269818,89.813657507019,84.78220424378125,89.1427993774414,716000,0.0,0.0
2020-06-16 00:00:00-04:00,92.34298872480026,93.01384690250482,89.19719762251877,91.03752899169922,807400,0.0,0.0
2020-06-17 00:00:00-04:00,91.87158087244185,92.46991896214749,90.69304683952916,91.1825942993164,503000,0.0,0.0
2020-06-18 00:00:00-04:00,90.593318196291,91.16445340561138,89.33318954008655,89.74114227294922,527600,0.0,0.0
2020-06-19 00:00:00-04:00,91.4908194857053,92.13448178506206,89.79554214910307,91.07379913330078,1274100,0.0,0.0
2020-06-22 00:00:00-04:00,90.35759750656918,91.45454355118306,89.38757038172469,90.9831314086914,497900,0.0,0.0
2020-06-23 00:00:00-04:00,92.45178426383693,92.55150035533758,91.23697985495171,91.63587188720703,501800,0.0,0.0
2020-06-24 00:00:00-04:00,90.55703580856151,90.7836777055529,87.40218447571573,87.60162353515625,867100,0.0,0.0
2020-06-25 00:00:00-04:00,87.59258185587618,90.004048566791,86.14206786696975,89.84086608886719,604300,0.0,0.0
2020-06-26 00:00:00-04:00,89.10655046703828,89.78647632142619,87.33873909569164,87.5381851196289,1434300,0.0,0.0
2020-06-29 00:00:00-04:00,87.97533185441348,89.32319716009214,87.7658706662669,88.62194061279297,730800,0.44,0.0
2020-06-30 00:00:00-04:00,88.2849840724122,91.63642579045104,88.02998420498946,90.7257080078125,656200,0.0,0.0
2020-07-01 00:00:00-04:00,91.32677313637478,91.32677313637478,89.29587648317208,90.4889144897461,821600,0.0,0.0
2020-07-02 00:00:00-04:00,91.91874308661737,92.76571087482161,90.92605712278764,92.10999298095703,816200,0.0,0.0
2020-07-06 00:00:00-04:00,93.89498060044644,93.93141013723624,91.75479568866815,93.09355163574219,883200,0.0,0.0
2020-07-07 00:00:00-04:00,91.99160023923301,93.79481746120187,91.99160023923301,92.76570892333984,853300,0.0,0.0
2020-07-08 00:00:00-04:00,93.10268698647211,93.39411641467007,89.28677704843979,90.20660400390625,755100,0.0,0.0
2020-07-09 00:00:00-04:00,91.00803461184134,91.00803461184134,87.47445187137754,89.1501693725586,763100,0.0,0.0
2020-07-10 00:00:00-04:00,89.10461232735393,91.48158597069275,89.10461232735393,91.24480438232422,613500,0.0,0.0
2020-07-13 00:00:00-04:00,92.42874352520096,94.75107659269963,91.62731439768999,92.52892303466797,759100,0.0,0.0
2020-07-14 00:00:00-04:00,92.52891153672059,94.5233854068919,91.87319371922732,94.20463562011719,563800,0.0,0.0
2020-07-15 00:00:00-04:00,95.843935936643,98.8584164728187,95.17000673398196,98.23912811279297,1367600,0.0,0.0
2020-07-16 00:00:00-04:00,97.51963649994862,98.69446296815609,96.26284183951931,96.69998931884766,675400,0.0,0.0
2020-07-17 00:00:00-04:00,97.446775246223,98.21177463263494,96.63623720423844,96.96409606933594,674300,0.0,0.0
2020-07-20 00:00:00-04:00,96.46322011358887,97.47411734785595,95.7528613972336,95.76197052001953,410800,0.0,0.0
2020-07-21 00:00:00-04:00,96.22644209459985,97.31930063001113,96.04429437321456,96.71822357177734,361000,0.0,0.0
2020-07-22 00:00:00-04:00,96.74555282979658,98.58519968823789,96.2537643947934,98.32109069824219,437700,0.0,0.0
2020-07-23 00:00:00-04:00,98.35751002048046,99.03143916215497,97.43768321274904,98.17536926269531,476500,0.0,0.0
2020-07-24 00:00:00-04:00,98.25732907849118,98.31196991538063,97.17357282535434,97.75643157958984,428400,0.0,0.0
2020-07-27 00:00:00-04:00,98.12983435947345,98.94037257465891,97.7109050419346,98.767333984375,507600,0.0,0.0
2020-07-28 00:00:00-04:00,98.22090618007637,98.84019451685943,96.88214999995527,96.9458999633789,331900,0.0,0.0
2020-07-29 00:00:00-04:00,97.32841068087215,98.88573723537898,97.0005517274786,98.6489486694336,458800,0.0,0.0
2020-07-30 00:00:00-04:00,97.05518367790296,97.28286309977551,95.10624838253186,95.92589569091797,615600,0.0,0.0
2020-07-31 00:00:00-04:00,95.87124601455628,96.69089330678116,94.85124667154255,96.58161163330078,516700,0.0,0.0
2020-08-03 00:00:00-04:00,97.43768299282091,97.5560807385161,96.27196546988823,96.29928588867188,791700,0.0,0.0
2020-08-04 00:00:00-04:00,96.00786680631931,98.35752034889475,95.25196938050837,97.93859100341797,875000,0.0,0.0
2020-08-05 00:00:00-04:00,99.50501690520456,101.73627246978502,97.36483172011673,97.45590209960938,973500,0.0,0.0
2020-08-06 00:00:00-04:00,97.87483113373932,99.42304842551529,96.0807161749648,98.58518981933594,1337100,0.0,0.0
2020-08-07 00:00:00-04:00,98.33928878545453,100.03321711669038,97.47410290285266,99.96946716308594,657500,0.0,0.0
2020-08-10 00:00:00-04:00,100.15161086970856,101.15339879291092,98.89481619400098,100.50679016113281,710600,0.0,0.0
2020-08-11 00:00:00-04:00,101.32644652754975,102.41019579388292,98.86750473169158,99.4412612915039,725100,0.0,0.0
2020-08-12 00:00:00-04:00,100.17894505950697,101.38109212229207,99.64162496206283,99.6871566772461,692000,0.0,0.0
2020-08-13 00:00:00-04:00,99.40484121912952,100.95305857460939,99.36841167628914,100.28823852539062,510900,0.0,0.0
2020-08-14 00:00:00-04:00,99.94216705494672,100.433955489064,99.240917422806,99.82377624511719,446700,0.0,0.0
2020-08-17 00:00:00-04:00,100.35199830612305,101.12610705959699,98.73092170636632,99.26824188232422,520100,0.0,0.0
2020-08-18 00:00:00-04:00,99.4959081244975,100.50680532125426,99.1589400761704,99.368408203125,401100,0.0,0.0
2020-08-19 00:00:00-04:00,99.32286632349788,99.86019335893553,98.36661694416296,98.8401870727539,476100,0.0,0.0
2020-08-20 00:00:00-04:00,97.87483968238229,98.63983927269582,97.55608985308498,98.25733947753906,336100,0.0,0.0
2020-08-21 00:00:00-04:00,97.63802584783963,98.13892327011838,96.62712883067586,97.747314453125,373200,0.0,0.0
2020-08-24 00:00:00-04:00,98.69447277720231,99.25001109137216,98.1844661759268,99.04965209960938,321100,0.0,0.0
2020-08-25 00:00:00-04:00,99.7236006007964,99.7236006007964,97.8384150043542,98.89484405517578,525400,0.0,0.0
2020-08-26 00:00:00-04:00,98.58519049900688,99.30465831195518,97.73822276459683,98.98590850830078,371100,0.0,0.0
2020-08-27 00:00:00-04:00,99.5687882403424,100.37932660380896,99.2591405457251,99.64164733886719,442100,0.0,0.0
2020-08-28 00:00:00-04:00,99.86932186561585,100.20628302021292,98.92217447636928,99.40485382080078,892700,0.0,0.0
2020-08-31 00:00:00-04:00,98.9949995675025,99.45946748537743,97.17356438172897,97.31928253173828,561700,0.0,0.0
2020-09-01 00:00:00-04:00,97.38304718377839,100.31555938720703,96.78197014660239,100.31555938720703,652100,0.0,0.0
2020-09-02 00:00:00-04:00,100.51591902262898,102.48306571929143,99.53234220018528,102.23717498779297,999600,0.0,0.0
2020-09-03 00:00:00-04:00,101.9093173941737,102.32824672448038,98.43037587462906,99.65984344482422,721300,0.0,0.0
2020-09-04 00:00:00-04:00,100.66164520157669,100.99861331531402,97.4286009274453,98.794677734375,683200,0.0,0.0
2020-09-08 00:00:00-04:00,97.44678266177473,98.00232095056425,95.49784756439713,96.20820617675781,716900,0.0,0.0
2020-09-09 00:00:00-04:00,97.07339680187158,99.0405503790305,96.6362561946527,98.27555084228516,475400,0.0,0.0
2020-09-10 00:00:00-04:00,98.421266811833,98.97680519432886,97.25554920535805,98.13894653320312,483100,0.0,0.0
2020-09-11 00:00:00-04:00,98.995007852387,99.53233489023545,98.12071972383346,98.86750793457031,415700,0.0,0.0
2020-09-14 00:00:00-04:00,100.06053588805506,101.01678511000152,99.62338842357723,100.66160583496094,375000,0.0,0.0
2020-09-15 00:00:00-04:00,101.02591800808182,102.53770582592577,100.90752720461161,101.81824493408203,681800,0.0,0.0
2020-09-16 00:00:00-04:00,102.41019213461277,102.56501940846317,100.6980455347005,100.78911590576172,571900,0.0,0.0
2020-09-17 00:00:00-04:00,100.16075732817625,103.17523134257682,99.00414170845426,102.7745132446289,765700,0.0,0.0
2020-09-18 00:00:00-04:00,102.57411945578343,103.57591436136467,100.08786433104692,100.68893432617188,1037700,0.0,0.0
2020-09-21 00:00:00-04:00,98.63073332913531,99.54145106274423,95.80750279636777,96.9458999633789,672700,0.0,0.0
2020-09-22 00:00:00-04:00,96.8730607825563,98.20270801768473,95.66180436727139,97.94770812988281,608000,0.0,0.0
2020-09-23 00:00:00-04:00,97.55608921116921,98.72180683534336,95.06071753943223,95.17911529541016,549700,0.0,0.0
2020-09-24 00:00:00-04:00,94.54161558944739,95.87126278578077,93.4669682734758,94.76019287109375,728300,0.0,0.0
2020-09-25 00:00:00-04:00,93.72196185185224,96.77286475752321,93.6217823489839,96.00785827636719,526200,0.0,0.0
2020-09-28 00:00:00-04:00,97.3374990455794,98.34839618374556,96.59071085729869,96.82749938964844,609200,0.0,0.0
2020-09-29 00:00:00-04:00,97.0652748607352,97.57739392290605,95.82155115794971,96.30623626708984,400100,0.44,0.0
2020-09-30 00:00:00-04:00,96.76348650973968,98.37301251763833,96.08675675867389,96.85494232177734,562000,0.0,0.0
2020-10-01 00:00:00-04:00,97.26647896163644,97.99808369609028,93.8462418288294,94.36750793457031,991800,0.0,0.0
2020-10-02 00:00:00-04:00,92.95917067063114,96.13249512572736,92.74883204799407,94.75159454345703,793600,0.0,0.0
2020-10-05 00:00:00-04:00,95.6752357417557,97.25732085664008,95.62950783467159,96.32453155517578,808000,0.0,0.0
2020-10-06 00:00:00-04:00,96.80921967104322,97.833464818416,94.77902333053784,94.94363403320312,768600,0.0,0.0
2020-10-07 00:00:00-04:00,96.43426736510499,97.72371899215787,96.32453155146578,97.19330596923828,554500,0.0,0.0
2020-10-08 00:00:00-04:00,97.80603307752989,98.427895015244,96.86409668152906,96.99212646484375,457600,0.0,0.0
2020-10-09 00:00:00-04:00,97.22074763611624,99.61674642908953,96.99212203676343,98.7845458984375,796800,0.0,0.0
2020-10-12 00:00:00-04:00,98.86685798862315,100.17459673894524,98.5284895787147,99.70819854736328,936400,0.0,0.0
2020-10-13 00:00:00-04:00,99.39727539375275,100.40322671226399,98.94002416014764,99.20523071289062,907000,0.0,0.0
2020-10-14 00:00:00-04:00,99.25094394553969,101.58292784674332,99.22350998998898,100.0739974975586,433400,0.0,0.0
2020-10-15 00:00:00-04:00,98.50104254103593,100.12885552936403,98.18096812935886,99.74476623535156,542500,0.0,0.0
2020-10-16 00:00:00-04:00,100.26602480412153,100.47636338875957,99.26922071382835,99.59844207763672,543500,0.0,0.0
2020-10-19 00:00:00-04:00,99.8911008440744,100.92448605075475,98.55592119191085,98.64737701416016,474800,0.0,0.0
2020-10-20 00:00:00-04:00,99.03144714001431,99.68074288485653,97.99806213378906,97.99806213378906,440400,0.0,0.0
2020-10-21 00:00:00-04:00,98.37301412377509,99.27836946551908,97.56825459523589,97.61397552490234,401000,0.0,0.0
2020-10-22 00:00:00-04:00,98.1443867470697,98.72966766203577,97.0104058464603,98.29985046386719,537500,0.0,0.0
2020-10-23 00:00:00-04:00,99.16863838459145,99.58930863393012,98.30900393149543,98.5650634765625,413400,0.0,0.0
2020-10-26 00:00:00-04:00,97.21159359055436,97.29389544542262,94.92533792734376,96.35195922851562,502400,0.0,0.0
2020-10-27 00:00:00-04:00,96.65375568503845,97.57739803579979,95.44661286111244,95.51062774658203,716600,0.0,0.0
2020-10-28 00:00:00-04:00,93.35240485614774,94.61441563191808,92.66652806944876,93.55359649658203,627500,0.0,0.0
2020-10-29 00:00:00-04:00,93.04145822554379,95.62035432649867,92.922575443184,94.76986694335938,585100,0.0,0.0
2020-10-30 00:00:00-04:00,94.50467846015812,94.82475989468503,92.23671632430396,93.95597839355469,900900,0.0,0.0
2020-11-02 00:00:00-05:00,95.68438495449321,98.42789219332288,94.90705929891142,97.8060302734375,895600,0.0,0.0
2020-11-03 00:00:00-05:00,98.06209266591578,99.81793555006439,95.11739390433979,95.70267486572266,894000,0.0,0.0
2020-11-04 00:00:00-05:00,96.32453989753671,98.12611074993431,93.75478339760984,95.90386962890625,724800,0.0,0.0
2020-11-05 00:00:00-05:00,98.09867010188405,100.99764803386948,96.96468907110501,99.80879211425781,615100,0.0,0.0
2020-11-06 00:00:00-05:00,99.76306423692151,100.26604335164313,98.58336227166471,99.36983489990234,395200,0.0,0.0
2020-11-09 00:00:00-05:00,104.20753382733815,105.99996446715552,100.34833999938937,100.44892883300781,804800,0.0,0.0
2020-11-10 00:00:00-05:00,100.53124464695462,101.29028327975311,99.15034413068615,100.0008316040039,986500,0.0,0.0
2020-11-11 00:00:00-05:00,101.05250732298485,101.1896840677119,98.9491491761012,99.50699615478516,513600,0.0,0.0
2020-11-12 00:00:00-05:00,98.63821632839318,99.76305022390082,97.23902895846489,97.67798614501953,501100,0.0,0.0
2020-11-13 00:00:00-05:00,98.3181524239372,99.90938460501971,97.99807798767054,99.31495666503906,441300,0.0,0.0
2020-11-16 00:00:00-05:00,100.99763338839712,103.37533790573443,100.90617757930447,102.41510772705078,537700,0.0,0.0
2020-11-17 00:00:00-05:00,102.24135391048547,106.1371284555765,101.70179395716538,105.79876708984375,1227900,0.0,0.0
2020-11-18 00:00:00-05:00,106.08227025160191,106.8047279293604,104.69222978029761,105.41468048095703,687800,0.0,0.0
2020-11-19 00:00:00-05:00,104.81112282080346,105.69819128374755,103.45765617048781,105.46041870117188,367000,0.0,0.0
2020-11-20 00:00:00-05:00,105.5609994386768,105.5609994386768,103.67712695707343,104.0246353149414,588600,0.0,0.0
2020-11-23 00:00:00-05:00,105.00316497704965,106.9784935041906,104.99401799948892,106.13714599609375,394000,0.0,0.0
2020-11-24 00:00:00-05:00,106.9967867369323,109.07270423019493,105.83537169441267,108.13076782226562,454500,0.0,0.0
2020-11-25 00:00:00-05:00,107.85641468056387,108.18563610087564,106.17372664595928,106.70413970947266,489500,0.0,0.0
2020-11-27 00:00:00-05:00,107.05164479183792,107.35343224729245,105.07632330825231,105.78048706054688,238200,0.0,0.0
2020-11-30 00:00:00-05:00,105.80792255250105,106.40235049479364,104.39044805006428,106.09142303466797,865400,0.0,0.0
2020-12-01 00:00:00-05:00,107.43574644898801,109.01783171482701,106.58525892660705,108.76177215576172,679400,0.0,0.0
2020-12-02 00:00:00-05:00,108.36852172995611,109.93231981387072,107.6003431527765,108.0575942993164,706600,0.0,0.0
2020-12-03 00:00:00-05:00,108.83491468634355,110.36213176878222,107.68263989817677,108.25877380371094,621600,0.0,0.0
2020-12-04 00:00:00-05:00,108.50570904008686,111.83449715302372,108.40511321988002,111.28579711914062,608000,0.0,0.0
2020-12-07 00:00:00-05:00,110.75538289657251,111.11203826369544,108.13075857562491,108.67031860351562,423300,0.0,0.0
2020-12-08 00:00:00-05:00,108.18562587887301,109.57566631777291,107.9752872780091,109.5390853881836,338400,0.0,0.0
2020-12-09 00:00:00-05:00,110.00549599445002,110.60906395837539,108.24050605992174,108.76177215576172,598600,0.0,0.0
2020-12-10 00:00:00-05:00,108.18564571158437,108.99040537878227,106.14630211999284,107.6003646850586,646500,0.0,0.0
2020-12-11 00:00:00-05:00,106.85959895877068,108.11246969889818,106.02740544246937,106.47550964355469,816800,0.0,0.0
2020-12-14 00:00:00-05:00,107.90212979737231,108.24049817698001,104.6556506569439,104.72880554199219,544900,0.0,0.0
2020-12-15 00:00:00-05:00,105.98167624796139,106.18286788028094,103.86917806280451,105.15862274169922,554900,0.0,0.0
2020-12-16 00:00:00-05:00,105.7987717675267,105.88107362431182,103.66797976528325,104.59162902832031,574500,0.0,0.0
2020-12-17 00:00:00-05:00,105.1129173917877,106.0274198727266,104.19841491084881,105.73477935791016,455300,0.0,0.0
2020-12-18 00:00:00-05:00,105.84450890063573,106.58526061060638,103.96063613451986,105.76220703125,1233400,0.0,0.0
2020-12-21 00:00:00-05:00,103.75944364332234,105.92681688854346,103.61312688434484,105.46041870117188,461600,0.0,0.0
2020-12-22 00:00:00-05:00,105.3963923910363,105.86279052787286,103.82344728413577,103.95147705078125,426700,0.0,0.0
2020-12-23 00:00:00-05:00,104.42703792395122,105.4695701680256,104.01550763154287,104.1069564819336,355800,0.0,0.0
2020-12-24 00:00:00-05:00,103.79601977361973,104.91171378972494,103.79601977361973,104.6465072631836,176600,0.0,0.0
2020-12-28 00:00:00-05:00,105.35982362301324,105.35982362301324,102.92725079885007,103.0186996459961,355300,0.0,0.0
2020-12-29 00:00:00-05:00,103.8691871809437,104.03379789664645,101.94873348247809,103.0186996459961,403700,0.0,0.0
2020-12-30 00:00:00-05:00,103.3401245059882,105.20451413699385,103.3401245059882,104.77285766601562,348800,0.48,0.0
2020-12-31 00:00:00-05:00,104.93817575985985,105.94843158915057,104.14833772804309,105.55351257324219,511000,0.0,0.0
2021-01-04 00:00:00-05:00,106.26989074919453,106.85767629716467,103.3034116566197,103.89119720458984,585800,0.0,0.0
2021-01-05 00:00:00-05:00,103.33095512064912,107.73934639387107,103.22074271121011,106.54541015625,626600,0.0,0.0
2021-01-06 00:00:00-05:00,107.95057813234044,111.95487099331345,107.40870924623603,110.29253387451172,816100,0.0,0.0
2021-01-07 00:00:00-05:00,111.0640008862229,113.51616890287397,109.98027017747357,111.93649291992188,719500,0.0,0.0
2021-01-08 00:00:00-05:00,112.5059309278939,112.65288081326115,109.61291987407111,111.2017822265625,581500,0.0,0.0
2021-01-11 00:00:00-05:00,109.95273837230046,110.57726138337397,108.72205758270428,109.63129425048828,569400,0.0,0.0
2021-01-12 00:00:00-05:00,109.43841277218876,112.28549990023235,109.03430764191424,112.27631378173828,722500,0.0,0.0
2021-01-13 00:00:00-05:00,112.66204783205065,113.57128438450606,110.95379413628986,111.97323608398438,614700,0.0,0.0
2021-01-14 00:00:00-05:00,112.17529131705935,112.89165443095987,110.98134812258805,111.78955841064453,548900,0.0,0.0
2021-01-15 00:00:00-05:00,111.04565170424912,111.04565170424912,108.33632103737027,110.25581359863281,657300,0.0,0.0
2021-01-19 00:00:00-05:00,105.59024406336653,108.02404683726317,103.92791404739019,107.05970764160156,1342300,0.0,0.0
2021-01-20 00:00:00-05:00,107.17910874508291,107.17910874508291,105.48922723054613,106.0494613647461,944900,0.0,0.0
2021-01-21 00:00:00-05:00,106.49949909813004,107.78528266504873,105.15861282348634,105.6178207397461,1047600,0.0,0.0
2021-01-22 00:00:00-05:00,104.80960665924265,106.27907044028031,104.21263502748972,105.11267852783203,811300,0.0,0.0
2021-01-25 00:00:00-05:00,104.18508492796722,104.72694685715817,100.65836480415571,103.8360824584961,761900,0.0,0.0
2021-01-26 00:00:00-05:00,104.8922467855779,105.37900594151613,101.18184685175049,101.31961059570312,740600,0.0,0.0
2021-01-27 00:00:00-05:00,99.81342714333786,100.56652780184972,97.41636139955918,98.76643371582031,990800,0.0,0.0
2021-01-28 00:00:00-05:00,100.16241615760954,100.96144035632727,98.81234392841152,100.1348648071289,807100,0.0,0.0
2021-01-29 00:00:00-05:00,99.31746696519974,101.24613841200627,98.35312773831883,99.45523071289062,1503100,0.0,0.0
2021-02-01 00:00:00-05:00,100.69510864927317,101.54004951113738,99.37258764325507,100.79613494873047,967100,0.0,0.0
2021-02-02 00:00:00-05:00,101.87068035668217,103.40443308363184,100.26345268297936,102.03599548339844,938900,0.0,0.0
2021-02-03 00:00:00-05:00,102.37580451346287,103.3125854930217,100.97980865311486,101.61351776123047,993800,0.0,0.0
2021-02-04 00:00:00-05:00,101.86148709613356,104.77286313904234,101.1818544434953,104.67183685302734,823700,0.0,0.0
2021-02-05 00:00:00-05:00,105.75556022473145,107.57401923153753,105.34226899085363,105.78311157226562,808500,0.0,0.0
2021-02-08 00:00:00-05:00,106.4443746069055,107.23421262179102,105.77392810331,107.13318634033203,621100,0.0,0.0
2021-02-09 00:00:00-05:00,107.31686587783024,108.28120510032292,106.1321088642083,106.8668441772461,673900,0.0,0.0
2021-02-10 00:00:00-05:00,102.96358270972505,104.47896998700705,97.48982608370532,99.09705352783203,2358000,0.0,0.0
2021-02-11 00:00:00-05:00,100.15322901737017,101.46656367166818,98.91336228947951,101.26451110839844,1220700,0.0,0.0
2021-02-12 00:00:00-05:00,101.07164423781964,101.69616715486137,98.47252628844336,98.8949966430664,1766700,0.0,0.0
2021-02-16 00:00:00-05:00,100.06137509308272,100.82366170961711,99.28072324792495,99.85014343261719,1512600,0.0,0.0
2021-02-17 00:00:00-05:00,98.97764384442726,99.63890418227744,97.96738810913607,98.04086303710938,1128300,0.0,0.0
2021-02-18 00:00:00-05:00,97.41636078092816,98.34396267378776,96.02037188875528,96.26834106445312,1144600,0.0,0.0
2021-02-19 00:00:00-05:00,96.47037971113043,97.94902945277192,96.14893563837255,96.66324615478516,1251100,0.0,0.0
2021-02-22 00:00:00-05:00,96.36017221911655,97.29696014395338,95.57033416757005,96.43364715576172,1276200,0.0,0.0
2021-02-23 00:00:00-05:00,96.50713112742768,96.50713112742768,94.5233496940198,96.26834106445312,962200,0.0,0.0
2021-02-24 00:00:00-05:00,96.47957998518763,97.61841358446006,96.04792344974115,96.4061050415039,1158500,0.0,0.0
2021-02-25 00:00:00-05:00,96.13057156736772,96.62651689615963,93.33858694247768,93.58656311035156,766600,0.0,0.0
2021-02-26 00:00:00-05:00,93.74269510769324,94.18353774974506,92.95285700394427,93.3936996459961,1993500,0.0,0.0
2021-03-01 00:00:00-05:00,94.514154300473,99.24398911203306,94.514154300473,97.96739196777344,1436500,0.0,0.0
2021-03-02 00:00:00-05:00,98.14190508220925,99.97873653498209,96.6908065528493,96.91122436523438,1177900,0.0,0.0
2021-03-03 00:00:00-05:00,96.66324069166693,97.2418399899304,95.04682729392542,95.08356475830078,768000,0.0,0.0
2021-03-04 00:00:00-05:00,94.78048675194286,95.05601423366299,90.7119053793446,92.54873657226562,1312300,0.0,0.0
2021-03-05 00:00:00-05:00,93.55902416982526,94.5876454264645,90.15170224329422,94.33049011230469,998200,0.0,0.0
2021-03-08 00:00:00-05:00,94.7805017766311,97.15920219215407,94.43150631715682,94.65192413330078,884100,0.0,0.0
2021-03-09 00:00:00-05:00,95.35911141095264,97.22349430939511,94.7254022852324,96.26834106445312,1216100,0.0,0.0
2021-03-10 00:00:00-05:00,97.18674849354858,99.12460616913786,96.37854520504366,97.67350769042969,757000,0.0,0.0
2021-03-11 00:00:00-05:00,98.48172907304865,100.5665298508222,98.48172907304865,99.84098052978516,1300100,0.0,0.0
2021-03-12 00:00:00-05:00,99.51034114324713,101.67780278737855,99.51034114324713,101.12675476074219,1171000,0.0,0.0
2021-03-15 00:00:00-04:00,101.02571122292917,103.26664742319053,100.58486867271453,103.11969757080078,1104600,0.0,0.0
2021-03-16 00:00:00-04:00,103.00032656492937,103.07380150574356,99.63892159571844,99.8226089477539,756500,0.0,0.0
2021-03-17 00:00:00-04:00,99.42768630159901,101.18185665658477,99.12460743692496,100.44712829589844,601400,0.0,0.0
2021-03-18 00:00:00-04:00,100.38284060081293,102.82582276271063,99.87770915403318,101.11756896972656,743600,0.0,0.0
2021-03-19 00:00:00-04:00,101.48492432604237,101.8614780873326,99.79504297662133,100.92469024658203,1238100,0.0,0.0
2021-03-22 00:00:00-04:00,100.99818301707904,101.6502573708077,99.71239954190084,101.30126190185547,828400,0.0,0.0
2021-03-23 00:00:00-04:00,100.68591770208052,101.36555041256551,98.7113294147069,99.20726776123047,902200,0.0,0.0
2021-03-24 00:00:00-04:00,99.46440922217425,101.99005204445798,99.46440922217425,100.57569122314453,751100,0.0,0.0
2021-03-25 00:00:00-04:00,100.17160236405549,102.47682778467443,99.39095040294842,101.80638122558594,741100,0.0,0.0
2021-03-26 00:00:00-04:00,102.65132763775644,104.61674383402243,102.2196781112459,104.4881591796875,667400,0.0,0.0
2021-03-29 00:00:00-04:00,104.15753638331883,104.69021220741558,102.7982779535552,103.50545501708984,1009600,0.0,0.0
2021-03-30 00:00:00-04:00,103.29331843682071,103.85594892609303,101.71611079927821,102.39864349365234,690300,0.48,0.0
2021-03-31 00:00:00-04:00,102.39862704359228,102.83212984636702,101.10735108246692,102.02046966552734,807700,0.0,0.0
2021-04-01 00:00:00-04:00,102.73991087894278,103.63458580051179,101.41173309542368,103.22875213623047,660600,0.0,0.0
2021-04-05 00:00:00-04:00,103.93895345371928,105.30401870976425,103.43166141043636,104.99042510986328,708400,0.0,0.0
2021-04-06 00:00:00-04:00,104.5661513667327,105.35014243097494,103.8098294991102,104.06808471679688,784300,0.0,0.0
2021-04-07 00:00:00-04:00,104.21565532187867,104.37245916308122,102.60155318663324,102.86903381347656,610900,0.0,0.0
2021-04-08 00:00:00-04:00,102.9151450512034,103.42243002827051,102.2418308359873,102.8321304321289,652600,0.0,0.0
2021-04-09 00:00:00-04:00,103.31176562208377,103.50545704054748,102.41709071042244,103.19185638427734,580200,0.0,0.0
2021-04-12 00:00:00-04:00,103.5515690348232,104.37246175798688,103.01661480476339,103.67147827148438,789900,0.0,0.0
2021-04-13 00:00:00-04:00,103.4501210281554,103.9850752756439,101.74377875762485,102.14961242675781,618900,0.0,0.0
2021-04-14 00:00:00-04:00,101.983586934323,103.29331386847251,101.983586934323,102.5554428100586,591800,0.0,0.0
2021-04-15 00:00:00-04:00,103.36708396977595,104.0219473157472,103.09960338560306,103.73602294921875,611800,0.0,0.0
2021-04-16 00:00:00-04:00,104.80595250658482,106.143355609387,104.10497609090233,104.81517791748047,755400,0.0,0.0
2021-04-19 00:00:00-04:00,105.04576868147001,105.30402390281289,103.11807289578427,104.0588607788086,548500,0.0,0.0
2021-04-20 00:00:00-04:00,104.16032022722602,105.10110811959639,103.33020912400093,104.22488403320312,548200,0.0,0.0
2021-04-21 00:00:00-04:00,104.01273460827832,105.99577570764494,103.8190432037253,105.94043731689453,425700,0.0,0.0
2021-04-22 00:00:00-04:00,105.70063401910923,105.88510706399936,104.36323786905969,104.64916229248047,569800,0.0,0.0
2021-04-23 00:00:00-04:00,105.0365271020328,107.21325939961429,104.53846052171237,106.89966583251953,472500,0.0,0.0
2021-04-26 00:00:00-04:00,107.4438588047507,108.62445808911039,107.20405441300232,108.54145050048828,973500,0.0,0.0
2021-04-27 00:00:00-04:00,108.41232826690711,109.89730285700256,108.10795301968643,109.45457458496094,688300,0.0,0.0
2021-04-28 00:00:00-04:00,109.52834875412049,110.54292573519447,109.11329677361219,109.97107696533203,802700,0.0,0.0
2021-04-29 00:00:00-04:00,110.68127515144408,111.3453639282609,109.67592361320959,110.89341735839844,750600,0.0,0.0
2021-04-30 00:00:00-04:00,110.62596512446207,111.08713722248044,108.3846684466157,109.05797576904297,969600,0.0,0.0
2021-05-03 00:00:00-04:00,110.13710368805255,110.58905029113295,109.58369164207893,109.81427764892578,697200,0.0,0.0
2021-05-04 00:00:00-04:00,108.99340311300298,109.96186725503085,108.39387802683942,109.79584503173828,870300,0.0,0.0
2021-05-05 00:00:00-04:00,110.93953512865093,112.49829873954785,109.1132979504069,112.36917114257812,1061500,0.0,0.0
2021-05-06 00:00:00-04:00,104.63071776584177,108.62446240169581,102.60155650797628,108.30164337158203,2553900,0.0,0.0
2021-05-07 00:00:00-04:00,108.4676641791738,111.17935807065442,108.08028134808427,111.05945587158203,1178800,0.0,0.0
2021-05-10 00:00:00-04:00,112.45219049607466,112.98715176062008,109.04874556692634,109.16864776611328,844000,0.0,0.0
2021-05-11 00:00:00-04:00,107.55452433020503,108.41230445134883,106.46615823065616,108.04336547851562,832900,0.0,0.0
2021-05-12 00:00:00-04:00,107.55454736097785,108.2924254646469,105.81131755391002,106.02345275878906,568600,0.0,0.0
2021-05-13 00:00:00-04:00,106.06956246828605,107.62832611637558,105.90354026294558,107.24093627929688,450000,0.0,0.0
2021-05-14 00:00:00-04:00,108.1356173565128,109.39923127225092,107.76667831921664,109.01184844970703,431300,0.0,0.0
2021-05-17 00:00:00-04:00,108.85504472695227,109.55602819488229,107.91425686590755,109.22398376464844,413700,0.0,0.0
2021-05-18 00:00:00-04:00,108.81816566284722,109.88808121518299,108.52301581700348,108.53223419189453,770100,0.0,0.0
2021-05-19 00:00:00-04:00,107.37006516311935,108.32007832841431,106.29091736776655,107.4899673461914,563800,0.0,0.0
2021-05-20 00:00:00-04:00,107.49921347873882,107.76668708969659,106.74289155734631,107.28707122802734,577000,0.0,0.0
2021-05-21 00:00:00-04:00,108.16327958203026,108.86426300402387,107.64676918525937,107.8035659790039,446600,0.0,0.0
2021-05-24 00:00:00-04:00,108.68901548695683,108.78125551811428,107.46230329352372,107.6744384765625,612700,0.0,0.0
2021-05-25 00:00:00-04:00,107.74823237576406,108.55989261201653,106.49384389623873,106.57685852050781,462300,0.0,0.0
2021-05-26 00:00:00-04:00,106.54918386483945,106.82588990059638,105.79286200895423,106.43850708007812,482900,0.0,0.0
2021-05-27 00:00:00-04:00,107.45306058247382,107.61908276012976,106.70596430148473,107.21324920654297,886700,0.0,0.0
2021-05-28 00:00:00-04:00,107.48075561337916,107.89581467577113,106.4200585031689,107.62833404541016,625900,0.0,0.0
2021-06-01 00:00:00-04:00,108.84582906869072,109.38078329792509,107.94192875562744,109.12252807617188,645700,0.0,0.0
2021-06-02 00:00:00-04:00,109.60215942170468,109.75895624175887,107.91426790156123,108.55990600585938,1299800,0.0,0.0
2021-06-03 00:00:00-04:00,108.0157095777782,108.7535876142366,107.10259096127895,108.6982421875,643700,0.0,0.0
2021-06-04 00:00:00-04:00,108.87349179691034,109.39000220972775,108.31086136712284,109.15941619873047,462800,0.0,0.0
2021-06-07 00:00:00-04:00,109.49146051657065,109.49146051657065,107.63754701952232,109.28854370117188,534700,0.0,0.0
2021-06-08 00:00:00-04:00,109.17788249334495,110.47838412047928,108.67981579457194,109.8880844116211,709900,0.0,0.0
2021-06-09 00:00:00-04:00,110.0079775665802,110.45070583024787,109.10408429044394,109.12252807617188,590100,0.0,0.0
2021-06-10 00:00:00-04:00,109.74971917114296,110.02642520754948,108.8366005100843,109.39923095703125,596200,0.0,0.0
2021-06-11 00:00:00-04:00,110.11865496227493,110.91187140387633,109.08562709865004,110.14632415771484,519100,0.0,0.0
2021-06-14 00:00:00-04:00,110.1463213029681,110.1463213029681,108.54144467670908,109.26087188720703,571400,0.0,0.0
2021-06-15 00:00:00-04:00,109.49147763211302,109.80507831500361,107.89582612873203,109.53759765625,509300,0.0,0.0
2021-06-16 00:00:00-04:00,109.65747074054747,109.68513993290921,107.79433907329015,108.2831802368164,679400,0.0,0.0
2021-06-17 00:00:00-04:00,107.99725719765065,108.9841720478617,107.24093538781497,108.83659362792969,1173900,0.0,0.0
2021-06-18 00:00:00-04:00,107.38850586191877,107.81278323244088,103.22873269714688,103.33941650390625,1592700,0.0,0.0
2021-06-21 00:00:00-04:00,104.14187265960595,105.76519316149007,103.94817421178136,105.27635192871094,719000,0.0,0.0
2021-06-22 00:00:00-04:00,105.54382723556486,106.0511192649186,104.11419117969635,105.69139862060547,686800,0.0,0.0
2021-06-23 00:00:00-04:00,106.0695645005826,106.33704511636309,105.16566424598213,105.34091186523438,542100,0.0,0.0
2021-06-24 00:00:00-04:00,104.12344246622303,104.92588450200087,103.04430137588358,104.0865478515625,1331400,0.0,0.0
2021-06-25 00:00:00-04:00,104.90738798734543,104.99040259340946,103.19182785589051,103.31173706054688,990100,0.0,0.0
2021-06-28 00:00:00-04:00,103.1549575321087,103.26564135393221,100.95055576517638,101.54085540771484,912300,0.0,0.0
2021-06-29 00:00:00-04:00,102.1337438894168,102.65251619987589,100.69784715729847,101.00355529785156,689600,0.48,0.0
2021-06-30 00:00:00-04:00,100.63299467814645,101.21662056070423,99.81778008586947,100.23464965820312,1369900,0.0,0.0
2021-07-01 00:00:00-04:00,100.91094104946602,101.42045473144039,100.20688770739532,100.54965209960938,871100,0.0,0.0
2021-07-02 00:00:00-04:00,100.74416491555435,100.82753600434745,99.9567406722916,100.54035949707031,708900,0.0,0.0
2021-07-06 00:00:00-04:00,100.26243039122276,100.51255067942078,97.63149912217663,98.85432434082031,920600,0.0,0.0
2021-07-07 00:00:00-04:00,98.62275101500522,99.3823849284985,96.80704085757598,97.90943908691406,1036400,0.0,0.0
2021-07-08 00:00:00-04:00,96.5013385811081,97.87238886006647,95.9362442500249,97.6037368774414,914600,0.0,0.0
2021-07-09 00:00:00-04:00,98.90067446549862,99.97527532459573,97.76121999602108,99.73442077636719,1313300,0.0,0.0
2021-07-12 00:00:00-04:00,99.22489539697965,101.10545197791446,98.71538185979632,100.76268768310547,1402500,0.0,0.0
2021-07-13 00:00:00-04:00,100.65153000329666,100.81827925191666,98.90066642665785,99.20636749267578,478700,0.0,0.0
2021-07-14 00:00:00-04:00,99.6139624175778,100.6237235583271,99.14150511070457,99.31752014160156,562400,0.0,0.0
2021-07-15 00:00:00-04:00,98.58570415031224,100.18835028882225,98.38189870368448,99.1785888671875,457600,0.0,0.0
2021-07-16 00:00:00-04:00,99.62323843403594,99.67881915780718,97.1683218298361,97.39991760253906,515500,0.0,0.0
2021-07-19 00:00:00-04:00,95.61201557471402,96.42723030047563,94.67636650159733,95.51937866210938,899700,0.0,0.0
2021-07-20 00:00:00-04:00,95.26924553070069,96.71440813840164,94.9079566457112,95.73243713378906,644600,0.0,0.0
2021-07-21 00:00:00-04:00,96.74219342264763,97.71489856514191,96.41796073106373,97.51109313964844,828000,0.0,0.0
2021-07-22 00:00:00-04:00,97.65004746257499,98.1780855549714,96.61249583026002,98.08544158935547,513600,0.0,0.0
2021-07-23 00:00:00-04:00,98.5208511352539,98.770978555232,97.93723226820978,98.5208511352539,511800,0.0,0.0
2021-07-26 00:00:00-04:00,98.2892381562434,99.0488719588045,97.76120011138678,98.78022003173828,602200,0.0,0.0
2021-07-27 00:00:00-04:00,98.14103127111531,99.04888278258912,97.08495506599705,98.40968322753906,412600,0.0,0.0
2021-07-28 00:00:00-04:00,98.59496007540724,99.26195708194598,97.84459197692247,98.98403930664062,433600,0.0,0.0
2021-07-29 00:00:00-04:00,99.84557157967565,100.012320824047,98.87287354396142,99.04888153076172,774000,0.0,0.0
2021-07-30 00:00:00-04:00,99.02110231263508,99.9845417143537,98.30779033949601,99.0766830444336,763300,0.0,0.0
2021-08-02 00:00:00-04:00,99.3823822247708,100.25318463889315,98.02986368718783,98.75244140625,821200,0.0,0.0
2021-08-03 00:00:00-04:00,98.9469798161757,99.28974411853324,97.30728478650289,98.919189453125,745400,0.0,0.0
2021-08-04 00:00:00-04:00,97.59446728686531,98.93772714797231,91.32285622389756,91.36917114257812,1727300,0.0,0.0
2021-08-05 00:00:00-04:00,90.7670269463651,91.39696779050429,86.01467671693152,86.36670684814453,3454100,0.0,0.0
2021-08-06 00:00:00-04:00,86.70019140079607,88.65486031768343,86.61682031386582,88.29357147216797,2269400,0.0,0.0
2021-08-09 00:00:00-04:00,88.57148487351554,89.34038450906571,87.44129641022336,88.8864517211914,914000,0.0,0.0
2021-08-10 00:00:00-04:00,88.9791027838291,90.17413080621667,88.46032342309722,88.46958923339844,1041200,0.0,0.0
2021-08-11 00:00:00-04:00,88.86793357424885,89.34964969004005,88.24725857598672,89.10879516601562,945600,0.0,0.0
2021-08-12 00:00:00-04:00,88.51591876654663,89.1551183769986,87.37646430555684,87.9786148071289,1050500,0.0,0.0
2021-08-13 00:00:00-04:00,87.90449531982777,88.71970993614255,87.21897377729621,87.37645721435547,491400,0.0,0.0
2021-08-16 00:00:00-04:00,86.65387477666366,87.08001014840981,85.57000826150005,85.96835327148438,806400,0.0,0.0
2021-08-17 00:00:00-04:00,85.44959360927011,85.50518141333336,83.76357628605408,85.31990051269531,1237000,0.0,0.0
2021-08-18 00:00:00-04:00,85.59778888074541,85.65336959794301,84.16189243271648,84.62508392333984,1067800,0.0,0.0
2021-08-19 00:00:00-04:00,83.8191545902023,84.55099109461058,80.90104611251529,82.03123474121094,1270500,0.0,0.0
2021-08-20 00:00:00-04:00,81.93859567819496,82.41105311490983,80.89178514953586,81.30865478515625,697400,0.0,0.0
2021-08-23 00:00:00-04:00,81.72552999202863,83.00393630989954,80.84546167953812,82.53147888183594,1185200,0.0,0.0
2021-08-24 00:00:00-04:00,83.14288416250349,84.36570958558217,83.05024726500737,84.06926727294922,1199400,0.0,0.0
2021-08-25 00:00:00-04:00,84.31939214447998,86.44081042979121,83.97663489850888,86.06099700927734,1278700,0.0,0.0
2021-08-26 00:00:00-04:00,86.61682812155745,87.34867168857461,86.1906927029923,86.70946502685547,1358100,0.0,0.0
2021-08-27 00:00:00-04:00,86.47786148048495,87.0985364648803,86.17215335942734,86.21847534179688,958200,0.0,0.0
2021-08-30 00:00:00-04:00,86.4500732421875,87.25602910812063,86.43154868942987,86.4500732421875,1323300,0.0,0.0
2021-08-31 00:00:00-04:00,86.53345292683649,87.15412793744045,85.96835864322915,86.73725128173828,1601400,0.0,0.0
2021-09-01 00:00:00-04:00,86.75578549933789,87.7933301289573,86.116578848774,87.4413070678711,702000,0.0,0.0
2021-09-02 00:00:00-04:00,87.99712438040785,89.97958355189833,87.71921370466372,89.544189453125,1024100,0.0,0.0
2021-09-03 00:00:00-04:00,89.40524732710324,90.21119621223254,88.24726829192379,88.26579284667969,937200,0.0,0.0
2021-09-07 00:00:00-04:00,88.06198128355716,89.21070149537091,87.56173352700782,88.60855102539062,1146300,0.0,0.0
2021-09-08 00:00:00-04:00,88.58075910806697,91.34137692967275,87.87670593700122,89.8128433227539,2030700,0.0,0.0
2021-09-09 00:00:00-04:00,89.16437823955829,91.28579650242598,89.05320971710607,90.32235717773438,1300100,0.0,0.0
2021-09-10 00:00:00-04:00,91.02641396703869,91.78604789794814,90.33162657653338,90.89672088623047,1171000,0.0,0.0
2021-09-13 00:00:00-04:00,91.60076382104009,91.68414198021534,90.3872041496806,91.26726531982422,981000,0.0,0.0
2021-09-14 00:00:00-04:00,91.37844945196228,91.80458492792057,89.46083627627807,89.72022247314453,824100,0.0,0.0
2021-09-15 00:00:00-04:00,89.72020842953346,90.8040750401044,89.16437994214395,90.57247924804688,1124300,0.0,0.0
2021-09-16 00:00:00-04:00,90.3872009824675,90.88744871676238,89.68314783037744,90.2019271850586,854900,0.0,0.0
2021-09-17 00:00:00-04:00,89.11806847419723,89.80359718836714,87.15414044912538,88.18242645263672,3590800,0.0,0.0
2021-09-20 00:00:00-04:00,86.23700880022812,87.77480830661257,85.97762263475194,87.56173706054688,1272300,0.0,0.0
2021-09-21 00:00:00-04:00,88.06198170146708,88.20094059023623,86.3018593362001,86.44081115722656,1149600,0.0,0.0
2021-09-22 00:00:00-04:00,87.35793465922018,87.7284822683649,86.30185842412399,87.11707305908203,943500,0.0,0.0
2021-09-23 00:00:00-04:00,87.73774860316246,88.59001941767593,87.4505720840366,87.53394317626953,722800,0.0,0.0
2021-09-24 00:00:00-04:00,87.36720024987933,87.84892348791315,87.06149915514831,87.209716796875,948100,0.0,0.0
2021-09-27 00:00:00-04:00,87.69143137627785,89.31260187037866,87.42277941769777,88.41400909423828,857000,0.0,0.0
2021-09-28 00:00:00-04:00,88.75676915898464,89.0810089223243,86.96884936012967,86.98738098144531,1174100,0.0,0.0
2021-09-29 00:00:00-04:00,86.8849505384372,87.31327546339539,86.57767874935361,86.81977081298828,1521000,0.48,0.0
2021-09-30 00:00:00-04:00,87.02462043755747,87.20153987376081,85.25544738769531,85.25544738769531,2015000,0.0,0.0
2021-10-01 00:00:00-04:00,85.79550767092533,86.07485338721455,84.63157902648142,85.89793395996094,1781100,0.0,0.0
2021-10-04 00:00:00-04:00,85.89793707478695,86.39144170127754,83.10450822682641,84.62226867675781,1859700,0.0,0.0
2021-10-05 00:00:00-04:00,84.70608033662609,86.58698608172084,83.86805021096708,86.38213348388672,1098200,0.0,0.0
2021-10-06 00:00:00-04:00,83.95184744634751,84.23118605448722,82.06162138805831,83.42108917236328,1568500,0.0,0.0
2021-10-07 00:00:00-04:00,84.04496126861271,85.15301650369263,83.47696352368192,83.68181610107422,777700,0.0,0.0
2021-10-08 00:00:00-04:00,83.70044186632171,84.27775307112326,82.8717251828181,82.93690490722656,892600,0.0,0.0
2021-10-11 00:00:00-04:00,82.75068158308366,83.55146513736567,82.14543720776949,82.17337036132812,965700,0.0,0.0
2021-10-12 00:00:00-04:00,82.42477492060318,82.82516669324205,81.40051904531175,81.76366424560547,934700,0.0,0.0
2021-10-13 00:00:00-04:00,82.26648932099599,82.95553320790887,81.52157912283711,82.31304931640625,977400,0.0,0.0
2021-10-14 00:00:00-04:00,83.14175043696693,85.26475511342814,82.75067212373598,85.22750854492188,1045400,0.0,0.0
2021-10-15 00:00:00-04:00,86.01898013103433,87.06186275572914,85.19957692138199,86.08415985107422,718700,0.0,0.0
2021-10-18 00:00:00-04:00,86.22383240907497,86.3076389654381,85.36718263323328,85.71170806884766,564900,0.0,0.0
2021-10-19 00:00:00-04:00,86.13072149755298,86.13072149755298,84.62226738521646,85.83275604248047,676300,0.0,0.0
2021-10-20 00:00:00-04:00,85.7024111451173,86.88495974761992,85.23683959854716,86.5311279296875,575300,0.0,0.0
2021-10-21 00:00:00-04:00,86.3262745013584,87.46227020096411,86.07486899435845,87.1922378540039,795600,0.0,0.0
2021-10-22 00:00:00-04:00,87.22948537840837,88.4306608228208,86.41938832871867,86.56837463378906,502700,0.0,0.0
2021-10-25 00:00:00-04:00,87.08048971478394,87.4901949056384,86.32626616258118,86.81977081298828,566500,0.0,0.0
2021-10-26 00:00:00-04:00,87.21085912187877,87.52744434039643,86.28902241230851,86.31695556640625,554500,0.0,0.0
2021-10-27 00:00:00-04:00,86.12141637359026,86.15866294706872,85.00404758546658,85.28338623046875,637300,0.0,0.0
2021-10-28 00:00:00-04:00,85.46030607593974,87.26672582573,85.31132688539053,86.42869567871094,683800,0.0,0.0
2021-10-29 00:00:00-04:00,86.30763699422664,86.47524299906823,84.21256548573501,84.74331665039062,714300,0.0,0.0
2021-11-01 00:00:00-04:00,85.2554565171972,87.12705606169486,84.6036592151621,87.03394317626953,934500,0.0,0.0
2021-11-02 00:00:00-04:00,87.07118754904893,87.70436509960777,85.73965271937625,86.98738098144531,840300,0.0,0.0
2021-11-03 00:00:00-04:00,90.43261693510968,99.52056812502593,90.43261693510968,97.96556091308594,3355900,0.0,0.0
2021-11-04 00:00:00-04:00,99.32503133977309,99.32503133977309,96.68058838385346,97.16477966308594,1396000,0.0,0.0
2021-11-05 00:00:00-04:00,97.65825791335283,99.50192385122949,96.87610134241221,99.28775787353516,933800,0.0,0.0
2021-11-08 00:00:00-05:00,99.47401116347703,99.58574377999003,97.2299530610742,97.83519744873047,1258800,0.0,0.0
2021-11-09 00:00:00-05:00,97.77002077885145,101.11282093648542,97.3416958260215,99.62299346923828,1115600,0.0,0.0
2021-11-10 00:00:00-05:00,99.39020955730123,100.4144655161138,98.36595359848866,98.52424621582031,649100,0.0,0.0
2021-11-11 00:00:00-05:00,98.62665529259544,99.17603330343984,97.6023995127145,98.40318298339844,705900,0.0,0.0
2021-11-12 00:00:00-05:00,98.53354479046614,99.5391808621058,98.4218050811539,98.78495025634766,462100,0.0,0.0
2021-11-15 00:00:00-05:00,98.77564835589185,99.9488833878425,98.04935797304894,99.02705383300781,650600,0.0,0.0
2021-11-16 00:00:00-05:00,99.30639427691207,99.51124685686487,98.077285901252,98.11453247070312,621000,0.0,0.0
2021-11-17 00:00:00-05:00,97.7793140696617,98.6080306497199,97.22062977246213,97.75138092041016,493500,0.0,0.0
2021-11-18 00:00:00-05:00,97.90037161514161,98.63597541631533,97.26719410932479,97.8445053100586,410300,0.0,0.0
2021-11-19 00:00:00-05:00,97.39756142581997,98.2169718548742,96.83887701768333,96.88543701171875,537600,0.0,0.0
2021-11-22 00:00:00-05:00,97.18340651584168,98.67323403374245,96.88544101226152,97.01580047607422,568000,0.0,0.0
2021-11-23 00:00:00-05:00,97.15545232909378,97.84450322939806,95.77736473659913,97.68621063232422,630500,0.0,0.0
2021-11-24 00:00:00-05:00,97.00648123775159,97.58379247433714,96.12189820007043,96.95061492919922,456400,0.0,0.0
2021-11-26 00:00:00-05:00,94.6227471028224,95.68424947468397,93.81265019627256,95.572509765625,393500,0.0,0.0
2021-11-29 00:00:00-05:00,97.98419477213662,98.07730766439761,95.45148431991117,96.41056060791016,1044400,0.0,0.0
2021-11-30 00:00:00-05:00,95.48871190911112,96.32673487687232,92.35075762510323,93.29121398925781,1207500,0.0,0.0
2021-12-01 00:00:00-05:00,95.53525273468405,97.15543926631408,93.24464223022615,93.27257537841797,788800,0.0,0.0
2021-12-02 00:00:00-05:00,93.89644558254244,97.1088928142751,93.57986041000792,96.4012222290039,861500,0.0,0.0
2021-12-03 00:00:00-05:00,96.87613060325471,99.31572812368194,95.823941440047,96.55023193359375,982300,0.0,0.0
2021-12-06 00:00:00-05:00,97.93761872625086,99.23190689755839,97.24857491155396,98.29145050048828,651200,0.0,0.0
2021-12-07 00:00:00-05:00,99.1946744313577,100.7776219817454,98.60805682916553,99.72542572021484,774500,0.0,0.0
2021-12-08 00:00:00-05:00,99.93026392212218,101.79254987453152,99.66023160653597,101.2804183959961,852100,0.0,0.0
2021-12-09 00:00:00-05:00,100.50758661702008,101.41079654386215,99.93027534830198,100.0420150756836,619600,0.0,0.0
2021-12-10 00:00:00-05:00,101.23387223521576,101.85773636574633,99.82784425859953,100.72174072265625,584000,0.0,0.0
2021-12-13 00:00:00-05:00,100.26547335892963,100.44239279311385,97.6675836702745,97.79794311523438,968100,0.0,0.0
2021-12-14 00:00:00-05:00,97.75138578561018,99.0456738617623,97.23925434365506,97.4068603515625,1062500,0.0,0.0
2021-12-15 00:00:00-05:00,97.23925038467249,98.6732112597082,96.39190696140108,98.42179870605469,1060500,0.0,0.0
2021-12-16 00:00:00-05:00,98.37526588395424,99.83716020657977,97.4906757129537,97.7420883178711,1063400,0.0,0.0
2021-12-17 00:00:00-05:00,97.58378843436513,97.99348652021695,96.33605313057717,96.82025146484375,2932500,0.0,0.0
2021-12-20 00:00:00-05:00,95.78668261785403,96.40123330150121,93.53331116699493,95.20005798339844,948400,0.0,0.0
2021-12-21 00:00:00-05:00,96.103262655321,98.85013860991708,95.85185718555223,98.49629974365234,922700,0.0,0.0
2021-12-22 00:00:00-05:00,98.23557643446811,100.3213345516186,98.00279070832008,100.09786224365234,707100,0.0,0.0
2021-12-23 00:00:00-05:00,100.3399757714832,102.13708211911923,100.1630563209516,101.60633087158203,730300,0.0,0.0
2021-12-27 00:00:00-05:00,101.55976828362769,101.93222691015217,100.49826581567027,101.44802856445312,512200,0.0,0.0
2021-12-28 00:00:00-05:00,101.24318051690268,102.42572898945023,101.23386709785852,102.02533721923828,517700,0.0,0.0
2021-12-29 00:00:00-05:00,101.97877515152969,102.42572690380415,101.60632364603427,101.8670425415039,339400,0.0,0.0
2021-12-30 00:00:00-05:00,102.01674040051611,102.92434714937949,101.5021229479535,102.35358428955078,422500,0.53,0.0
2021-12-31 00:00:00-05:00,102.40972670198049,103.24247770061164,102.10095907340545,102.82142639160156,451600,0.0,0.0
2022-01-03 00:00:00-05:00,103.44833597119157,104.402729486022,102.97114635241769,103.06471252441406,674600,0.0,0.0
2022-01-04 00:00:00-05:00,102.5594535446652,104.68343506062853,102.5594535446652,104.05653381347656,928800,0.0,0.0
2022-01-05 00:00:00-05:00,104.67408617043658,105.08577879344823,101.85769915653162,101.98869323730469,770300,0.0,0.0
2022-01-06 00:00:00-05:00,102.9992161104998,103.26120424912408,100.95008337982347,100.95944213867188,716200,0.0,0.0
2022-01-07 00:00:00-05:00,101.20271694436705,101.56763000374868,100.29511010588006,101.24949645996094,669200,0.0,0.0
2022-01-10 00:00:00-05:00,100.87521581153565,100.87521581153565,99.28456964776332,100.49159240722656,632600,0.0,0.0
2022-01-11 00:00:00-05:00,101.39919802971288,102.4939370997553,100.56644706477732,102.35358428955078,528200,0.0,0.0
2022-01-12 00:00:00-05:00,104.07524310652036,104.80506923371746,103.01792467317578,104.0845947265625,566300,0.0,0.0
2022-01-13 00:00:00-05:00,104.23430573805724,107.14425861081034,103.95360008822824,106.18986511230469,938500,0.0,0.0
2022-01-14 00:00:00-05:00,105.12318727140658,106.87290379652312,105.05769024312097,106.7606201171875,767100,0.0,0.0
2022-01-18 00:00:00-05:00,105.8623769373625,106.03079889474411,103.00856242024103,103.58868408203125,892000,0.0,0.0
2022-01-19 00:00:00-05:00,104.15009282371247,105.31033619849978,103.41090793028295,103.90682220458984,492800,0.0,0.0
2022-01-20 00:00:00-05:00,104.30916541338483,105.13255773762259,102.0448240291084,102.2600326538086,619100,0.0,0.0
2022-01-21 00:00:00-05:00,101.9886880994831,104.23431201747528,101.2401444139385,101.84833526611328,870100,0.0,0.0
2022-01-24 00:00:00-05:00,100.1173206220329,100.70679386513054,97.45064575281901,100.49159240722656,922400,0.0,0.0
2022-01-25 00:00:00-05:00,98.76995141112366,101.72669085204936,96.9079582616481,100.69744873046875,630400,0.0,0.0
2022-01-26 00:00:00-05:00,101.43663029314631,103.01791774958502,99.49042265899323,100.44480895996094,454600,0.0,0.0
2022-01-27 00:00:00-05:00,101.82962771693931,103.51384034826856,100.05184176833468,101.13722229003906,705000,0.0,0.0
2022-01-28 00:00:00-05:00,100.90328635149828,101.64247117442463,99.08807994678459,101.52083587646484,607200,0.0,0.0
2022-01-31 00:00:00-05:00,101.66119737901322,103.44833480145225,101.1091448347867,103.27056121826172,891900,0.0,0.0
2022-02-01 00:00:00-05:00,103.32669702727789,104.57114777311993,101.89511394402489,104.3746566772461,847500,0.0,0.0
2022-02-02 00:00:00-05:00,104.327863794619,105.77816430820674,103.4670436720986,105.40389251708984,887500,0.0,0.0
2022-02-03 00:00:00-05:00,104.62728242867186,105.54424798301609,103.40154924214062,103.5793228149414,687400,0.0,0.0
2022-02-04 00:00:00-05:00,103.05535758858498,104.02846151845661,102.3536005646177,103.13957214355469,679700,0.0,0.0
2022-02-07 00:00:00-05:00,103.51383317194797,103.75711093044289,101.24949896824369,101.25885772705078,871500,0.0,0.0
2022-02-08 00:00:00-05:00,101.73605430419664,104.10331343464239,101.26821630565348,104.02845764160156,1027000,0.0,0.0
2022-02-09 00:00:00-05:00,106.06823634343691,111.91621158670755,105.50683214781125,109.82965087890625,2105900,0.0,0.0
2022-02-10 00:00:00-05:00,110.07292530618821,112.81445630255017,109.41795495428254,109.75479888916016,1164500,0.0,0.0
2022-02-11 00:00:00-05:00,109.8857831503204,111.65421008124426,109.2869511281367,110.28812408447266,913400,0.0,0.0
2022-02-14 00:00:00-05:00,109.95128077498414,110.40975998287324,107.25652952192625,108.30448913574219,610400,0.0,0.0
2022-02-15 00:00:00-05:00,109.2401733164223,110.55947990679162,108.46356052089887,110.20391845703125,556900,0.0,0.0
2022-02-16 00:00:00-05:00,110.06357482260813,112.00978278408795,109.62381306105937,111.89749908447266,702500,0.0,0.0
2022-02-17 00:00:00-05:00,110.71853753551277,112.19690725858241,110.10098797829087,110.51268768310547,454300,0.0,0.0
2022-02-18 00:00:00-05:00,110.78403511324468,112.16883153667465,109.32437576108526,109.37116241455078,840800,0.0,0.0
2022-02-22 00:00:00-05:00,108.91268584744897,110.13841910079714,107.53724101027505,108.68812561035156,562800,0.0,0.0
2022-02-23 00:00:00-05:00,108.65069235124531,109.61443742396783,107.03196983957756,107.31267547607422,792800,0.0,0.0
2022-02-24 00:00:00-05:00,105.20740849941993,107.78986904043742,104.253015011036,107.50917053222656,942300,0.0,0.0
2022-02-25 00:00:00-05:00,108.43549081959914,110.55012057355685,107.4062486496938,110.38169860839844,721200,0.0,0.0
2022-02-28 00:00:00-05:00,108.31385261182591,109.72671819095417,107.22846505681335,109.7080078125,1213000,0.0,0.0
2022-03-01 00:00:00-05:00,109.66122052381142,110.11970688765896,107.42495553281695,108.62261962890625,1158700,0.0,0.0
2022-03-02 00:00:00-05:00,109.69864734562432,112.70216631494837,108.90332420884573,111.86941528320312,1079400,0.0,0.0
2022-03-03 00:00:00-05:00,112.60858425264797,113.52554970330284,111.3547820721183,112.88928985595703,723100,0.0,0.0
2022-03-04 00:00:00-05:00,111.68228647057605,113.53492092870923,111.24251761414446,113.4787826538086,1023100,0.0,0.0
2022-03-07 00:00:00-05:00,114.01212072124193,114.92908635470204,110.3910591207766,111.26123809814453,1347500,0.0,0.0
2022-03-08 00:00:00-05:00,110.75597146112915,111.70099908788781,108.30449775414812,109.90450286865234,1015000,0.0,0.0
2022-03-09 00:00:00-05:00,110.9898899867505,112.90802150869568,110.78404012401734,112.28112030029297,982000,0.0,0.0
2022-03-10 00:00:00-05:00,111.4577231383344,116.9033569504065,110.88696023055122,116.41680145263672,1305500,0.0,0.0
2022-03-11 00:00:00-05:00,115.69632832318588,118.01680059486156,115.2939873941704,115.34076690673828,893300,0.0,0.0
2022-03-14 00:00:00-04:00,116.79106911748286,118.55949605137256,115.05071131926748,117.90452575683594,1640600,0.0,0.0
2022-03-15 00:00:00-04:00,118.05423694838403,119.69166991706044,117.53026068277278,119.46710968017578,1746600,0.0,0.0
2022-03-16 00:00:00-04:00,119.85073934913265,121.20746673822858,115.73377052485196,118.01681518554688,1830800,0.0,0.0
2022-03-17 00:00:00-04:00,117.59575700978823,121.3103846399627,117.14662940007481,121.30103302001953,1067300,0.0,0.0
2022-03-18 00:00:00-04:00,121.21681652235162,121.37587971315638,119.0554003244208,121.1138916015625,2027900,0.0,0.0
2022-03-21 00:00:00-04:00,122.51742720217813,123.07882427923757,121.23555555174443,122.94783020019531,1450400,0.0,0.0
2022-03-22 00:00:00-04:00,122.01213899005677,124.2484039545124,121.82500665425403,122.13378143310547,1210200,0.0,0.0
2022-03-23 00:00:00-04:00,122.77006111530137,123.07882164857858,120.8893431125482,122.81683349609375,1141700,0.0,0.0
2022-03-24 00:00:00-04:00,123.50921307059718,125.50220721387522,122.9197327122123,125.24021911621094,1290400,0.0,0.0
2022-03-25 00:00:00-04:00,125.08116352896387,127.84141921041834,125.08116352896387,127.76656341552734,907600,0.0,0.0
2022-03-28 00:00:00-04:00,127.13028337287548,127.76655042612123,125.45542974897319,127.20513916015625,1074800,0.0,0.0
2022-03-29 00:00:00-04:00,125.38056459855783,126.64373271400774,119.89750351591773,122.29283142089844,2136800,0.0,0.0
2022-03-30 00:00:00-04:00,123.08201541568769,128.15524675651903,122.79077714467418,124.73551940917969,1387700,0.53,0.0
2022-03-31 00:00:00-04:00,123.00684684257747,125.40253806981526,122.77197543471912,123.6081314086914,1793700,0.0,0.0
2022-04-01 00:00:00-04:00,124.70732799566011,125.5340656040258,122.24586589088591,123.19475555419922,1032000,0.0,0.0
2022-04-04 00:00:00-04:00,123.56114901049061,124.63216201140574,121.7385446692778,124.20939636230469,928400,0.0,0.0
2022-04-05 00:00:00-04:00,124.94220324985085,127.30030709882936,124.50064384223217,125.6092300415039,1575900,0.0,0.0
2022-04-06 00:00:00-04:00,126.06017566763852,126.90572134068378,124.71671809011431,125.89107513427734,977100,0.0,0.0
2022-04-07 00:00:00-04:00,126.4735599322482,128.17402675000997,125.63741823540457,127.61034393310547,748200,0.0,0.0
2022-04-08 00:00:00-04:00,128.48403979005863,130.35362121179045,127.40363713219777,130.02479553222656,960200,0.0,0.0
2022-04-11 00:00:00-04:00,130.0811943413758,130.6730605752479,127.72307609575306,128.31495666503906,829000,0.0,0.0
2022-04-12 00:00:00-04:00,128.72833585541238,130.63549069776502,128.37132669867557,128.85986328125,761200,0.0,0.0
2022-04-13 00:00:00-04:00,129.63023649781215,130.51335537417904,129.07594335980806,130.2033233642578,534300,0.0,0.0
2022-04-14 00:00:00-04:00,129.2826226735744,130.0999706131452,128.42768727964776,128.51223754882812,819100,0.0,0.0
2022-04-18 00:00:00-04:00,129.0195664293752,131.8568171149691,128.65316759817105,129.06654357910156,964100,0.0,0.0
2022-04-19 00:00:00-04:00,129.32020088098423,131.5092042824057,128.95380203137202,130.89854431152344,664500,0.0,0.0
2022-04-20 00:00:00-04:00,131.03008017223976,132.4581025422083,129.4141635172421,131.0488739013672,1036900,0.0,0.0
2022-04-21 00:00:00-04:00,131.93195690217942,132.26078259877497,128.64375727787464,128.7189178466797,783900,0.0,0.0
2022-04-22 00:00:00-04:00,128.09889216358894,128.6531853347017,124.02151297308326,124.60400390625,1051400,0.0,0.0
2022-04-25 00:00:00-04:00,123.10080442512293,124.09665692735292,120.30114118265139,123.68328094482422,1143400,0.0,0.0
2022-04-26 00:00:00-04:00,124.03090757432741,125.00796640613936,122.73441270587556,122.7625961303711,902100,0.0,0.0
2022-04-27 00:00:00-04:00,123.62693283037522,125.51530846073284,121.79493838969783,124.40670776367188,735500,0.0,0.0
2022-04-28 00:00:00-04:00,125.6561900360445,126.88691379058216,123.46718702395225,126.54869842529297,924300,0.0,0.0
2022-04-29 00:00:00-04:00,126.83057326607984,128.67197160034013,124.2469875143634,124.5194320678711,1012000,0.0,0.0
2022-05-02 00:00:00-04:00,125.11129671436404,125.51528298027438,121.31578116510222,123.80541229248047,1393700,0.0,0.0
2022-05-03 00:00:00-04:00,121.33456999304241,122.31164312932398,113.92203570948395,116.02648162841797,2057600,0.0,0.0
2022-05-04 00:00:00-04:00,116.68411262500305,117.13506888214499,112.64432870810711,115.11517333984375,1926700,0.0,0.0
2022-05-05 00:00:00-04:00,114.69241063751471,116.07345569906256,110.9532545717749,111.36663055419922,2250400,0.0,0.0
2022-05-06 00:00:00-04:00,110.87809847333436,112.29672387850415,108.76425566142933,111.79879760742188,1133900,0.0,0.0
2022-05-09 00:00:00-04:00,109.91982244026487,110.68080353272362,106.66920291027587,107.01681518554688,1125000,0.0,0.0
2022-05-10 00:00:00-04:00,108.25694069026385,108.98034152764764,104.69628901643397,105.85185241699219,935000,0.0,0.0
2022-05-11 00:00:00-04:00,106.10551118933127,110.65261827703306,105.38210322774721,108.51998901367188,1126400,0.0,0.0
2022-05-12 00:00:00-04:00,107.36441500902055,108.8488040019884,105.60758149509743,107.61808013916016,712000,0.0,0.0
2022-05-13 00:00:00-04:00,108.46361458982453,110.74656498844519,107.81537437035905,109.7037353515625,664300,0.0,0.0
2022-05-16 00:00:00-04:00,109.70373485258474,111.18812388164716,108.9051734934103,109.93860626220703,672400,0.0,0.0
2022-05-17 00:00:00-04:00,111.71423834221413,112.58795308646692,109.61918225905802,112.09002685546875,712200,0.0,0.0
2022-05-18 00:00:00-04:00,111.29147586382645,112.96375927354094,110.76536616217436,111.50756072998047,1027300,0.0,0.0
2022-05-19 00:00:00-04:00,110.48351249293248,114.94606939047287,110.12651052150369,114.0347671508789,852000,0.0,0.0
2022-05-20 00:00:00-04:00,115.18094973852531,115.4721951905707,109.24340017688563,112.2027816772461,885900,0.0,0.0
2022-05-23 00:00:00-04:00,113.54624249903594,116.58077730209624,112.78526137420351,116.03588104248047,785500,0.0,0.0
2022-05-24 00:00:00-04:00,115.30308751133396,116.60897211071118,113.47108602585493,116.08285522460938,638400,0.0,0.0
2022-05-25 00:00:00-04:00,115.69766519661239,117.78332459398565,114.65483549792576,114.88031005859375,945100,0.0,0.0
2022-05-26 00:00:00-04:00,116.07345549835642,117.15385826703172,115.35944439386905,115.68826293945312,1224600,0.0,0.0
2022-05-27 00:00:00-04:00,116.49622196336813,118.39397984478686,115.66947716206705,118.38459014892578,1216600,0.0,0.0
2022-05-31 00:00:00-04:00,116.6747276535168,116.74049136370996,114.24145604095605,115.16215515136719,2443100,0.0,0.0
2022-06-01 00:00:00-04:00,115.15275344269038,115.7728173993142,112.91678022249388,114.34479522705078,1144700,0.0,0.0
2022-06-02 00:00:00-04:00,114.89910224609687,117.9994007087658,113.85627256139082,117.95243072509766,934500,0.0,0.0
2022-06-03 00:00:00-04:00,117.23840975781496,117.57662514975193,113.92202671193346,113.9783935546875,668200,0.0,0.0
2022-06-06 00:00:00-04:00,114.72058828377742,114.72058828377742,112.27792713401725,113.1798324584961,1231100,0.0,0.0
2022-06-07 00:00:00-04:00,112.53160123428297,113.89385986328125,111.89275064185453,113.89385986328125,755900,0.0,0.0
2022-06-08 00:00:00-04:00,112.71950364892815,112.86042077752491,110.39897269526892,110.6996078491211,788500,0.0,0.0
2022-06-09 00:00:00-04:00,109.94800963474934,110.66202076923018,108.397856805928,108.48241424560547,505000,0.0,0.0
2022-06-10 00:00:00-04:00,106.81013909947781,107.22350796274475,105.03451157400283,105.88004302978516,636100,0.0,0.0
2022-06-13 00:00:00-04:00,102.97703101844789,103.41859045657897,100.9289518486982,101.56780242919922,902800,0.0,0.0
2022-06-14 00:00:00-04:00,101.61477921957506,102.65760177760295,100.79742406035619,101.38929748535156,612100,0.0,0.0
2022-06-15 00:00:00-04:00,102.93944202066092,103.22129058174933,98.73994003314208,100.67528533935547,651900,0.0,0.0
2022-06-16 00:00:00-04:00,98.5050674953302,99.01239059886548,96.89854791798841,97.62195587158203,1033500,0.0,0.0
2022-06-17 00:00:00-04:00,98.00713527929295,99.44454706781255,96.5133566497196,97.68771362304688,1548300,0.0,0.0
2022-06-21 00:00:00-04:00,101.59598474012188,102.93944960051576,100.13038931704025,102.24423217773438,950200,0.0,0.0
2022-06-22 00:00:00-04:00,99.66065109215754,102.35697063470195,99.63246766620458,101.10746002197266,728400,0.0,0.0
2022-06-23 00:00:00-04:00,100.77862896842397,101.43627326611687,97.14282385767719,97.41527557373047,867100,0.0,0.0
2022-06-24 00:00:00-04:00,97.98836284901708,102.14088798514462,97.64075055442086,101.6805419921875,1347400,0.0,0.0
2022-06-27 00:00:00-04:00,102.11270342999218,102.62941626640885,100.65649772215761,102.32878112792969,1117800,0.0,0.0
2022-06-28 00:00:00-04:00,103.33402621352317,104.8841789932214,101.2201834687638,101.30474090576172,787900,0.0,0.0
2022-06-29 00:00:00-04:00,101.85232558053758,102.41880702808552,100.30395928429111,102.17333221435547,473700,0.53,0.0
2022-06-30 00:00:00-04:00,100.97428473002668,101.68237931355593,99.62418410263982,101.03093719482422,867700,0.0,0.0
2022-07-01 00:00:00-04:00,100.29450867530717,101.70125440581333,98.66116751737373,101.49354553222656,674200,0.0,0.0
2022-07-05 00:00:00-04:00,99.38815100588307,99.69971434646423,96.36695037842767,98.17023468017578,1100600,0.0,0.0
2022-07-06 00:00:00-04:00,98.3024196751873,98.65174174902609,94.19546506226632,97.81147003173828,1585500,0.0,0.0
2022-07-07 00:00:00-04:00,98.81225600397298,99.80358423679553,98.29298368931956,98.61398315429688,700700,0.0,0.0
2022-07-08 00:00:00-04:00,99.0010653904746,99.62418488324528,97.4149332228165,99.06715393066406,550100,0.0,0.0
2022-07-11 00:00:00-04:00,97.90588264662573,99.36928111676313,97.37717428724707,98.78392028808594,726200,0.0,0.0
2022-07-12 00:00:00-04:00,98.14191741022572,99.42592964204366,97.37717747918394,97.75482940673828,558100,0.0,0.0
2022-07-13 00:00:00-04:00,95.80992557662775,97.93420942976464,95.79103901974662,96.99951934814453,462200,0.0,0.0
2022-07-14 00:00:00-04:00,94.97909441512331,95.82880943696,92.75095600368992,94.45038604736328,1145600,0.0,0.0
2022-07-15 00:00:00-04:00,95.97986891220698,96.29142507073715,93.98776213775383,95.27177429199219,782600,0.0,0.0
2022-07-18 00:00:00-04:00,96.2725480848268,96.97119944375173,94.44094098382536,94.76194763183594,994900,0.0,0.0
2022-07-19 00:00:00-04:00,95.67773342307261,98.35905523402259,95.63997471863601,98.00028991699219,890700,0.0,0.0
2022-07-20 00:00:00-04:00,98.63285949502888,99.89798507150707,97.97196687183403,99.00106811523438,687100,0.0,0.0
2022-07-21 00:00:00-04:00,98.20798793991294,99.88853834905763,97.60374784792545,99.8696517944336,596200,0.0,0.0
2022-07-22 00:00:00-04:00,100.20955182756869,101.08758946010194,99.56754573923135,99.98296356201172,602500,0.0,0.0
2022-07-25 00:00:00-04:00,100.68161198985973,101.98450348283536,99.8224609395738,101.61629486083984,576300,0.0,0.0
2022-07-26 00:00:00-04:00,101.64463068842244,102.54154770193347,101.29530139945021,101.76736450195312,467000,0.0,0.0
2022-07-27 00:00:00-04:00,101.1064665094472,104.18431979247033,101.02149861296692,103.62728881835938,585900,0.0,0.0
2022-07-28 00:00:00-04:00,104.56197784125376,105.13789540606399,102.94752288523395,104.06159210205078,475200,0.0,0.0
2022-07-29 00:00:00-04:00,104.87353855334868,105.42113347041251,104.0615894564916,104.89241790771484,570300,0.0,0.0
2022-08-01 00:00:00-04:00,104.31648695830098,104.31648695830098,102.62650043671391,103.01359558105469,894600,0.0,0.0
2022-08-02 00:00:00-04:00,102.5226394201304,103.75000610781053,101.45577962765536,101.49354553222656,1004900,0.0,0.0
2022-08-03 00:00:00-04:00,101.34250611091043,104.65639119639631,101.0215066500766,102.94752502441406,1330400,0.0,0.0
2022-08-04 00:00:00-04:00,102.90974962493308,103.57063504403236,99.95463738937372,100.12458038330078,976000,0.0,0.0
2022-08-05 00:00:00-04:00,99.45424879512606,101.79568490152265,99.45424879512606,100.3889389038086,834900,0.0,0.0
2022-08-08 00:00:00-04:00,101.46524153527969,102.53210152364795,100.11514081217452,101.99394989013672,729300,0.0,0.0
2022-08-09 00:00:00-04:00,102.15444978200416,102.55098825191912,100.15290689064513,101.35194396972656,622500,0.0,0.0
2022-08-10 00:00:00-04:00,103.19299589409391,103.75002689110721,102.86254596367723,103.12690734863281,540000,0.0,0.0
2022-08-11 00:00:00-04:00,103.98605046598131,104.56196797645715,103.14577879393177,103.4478988647461,354700,0.0,0.0
2022-08-12 00:00:00-04:00,103.79723133763213,106.02536963006276,102.94751636117792,105.99703979492188,645100,0.0,0.0
2022-08-15 00:00:00-04:00,104.46755574172658,105.82709244499945,104.118226487139,105.73268127441406,550700,0.0,0.0
2022-08-16 00:00:00-04:00,106.02537001399308,108.03635612962431,105.28894556299217,107.40379333496094,624600,0.0,0.0
2022-08-17 00:00:00-04:00,106.13865960317325,107.03558376372793,105.53441944599008,106.67681121826172,610900,0.0,0.0
2022-08-18 00:00:00-04:00,106.82787226981549,107.1960808815771,106.0253665057994,106.5823974609375,415100,0.0,0.0
2022-08-19 00:00:00-04:00,106.119784958611,106.27084140305439,104.40147558478937,105.21342468261719,461200,0.0,0.0
2022-08-22 00:00:00-04:00,104.01438371202397,104.07103618322175,102.01284073978387,102.73981475830078,508400,0.0,0.0
2022-08-23 00:00:00-04:00,103.06081408048726,107.16776139591147,103.06081408048726,106.96005249023438,688000,0.0,0.0
2022-08-24 00:00:00-04:00,107.15830797353556,109.4808572203068,106.90339710631501,108.27237701416016,827200,0.0,0.0
2022-08-25 00:00:00-04:00,109.14098162561206,111.06699983821302,108.74445037090003,111.01979064941406,762800,0.0,0.0
2022-08-26 00:00:00-04:00,111.73732678916943,111.86006779687789,107.53596836392813,107.55484771728516,480000,0.0,0.0
2022-08-29 00:00:00-04:00,106.35580947433026,107.98914363764389,105.89318968972307,106.70513153076172,495500,0.0,0.0
2022-08-30 00:00:00-04:00,106.46910181314539,106.66737464160826,103.16466031772285,103.580078125,609500,0.0,0.0
2022-08-31 00:00:00-04:00,103.3346088568414,103.4667859475028,101.44635647240858,102.0411605834961,951900,0.0,0.0
2022-09-01 00:00:00-04:00,100.65329685823683,101.04982814176319,98.57622205614612,100.8515625,722500,0.0,0.0
2022-09-02 00:00:00-04:00,101.96562471866429,102.55098552776174,100.0301632200749,100.49279022216797,662100,0.0,0.0
2022-09-06 00:00:00-04:00,101.07814260657678,101.78623721412094,98.66118198448812,99.16156768798828,561000,0.0,0.0
2022-09-07 00:00:00-04:00,98.80280335172895,102.97583921922784,98.53844918138762,102.54154205322266,446500,0.0,0.0
2022-09-08 00:00:00-04:00,101.33306329965129,104.06158734783094,100.93653203799654,103.83499908447266,527900,0.0,0.0
2022-09-09 00:00:00-04:00,105.13789708103837,107.06391544603828,104.4014797774143,106.40302276611328,782400,0.0,0.0
2022-09-12 00:00:00-04:00,107.00725884360656,107.00725884360656,105.33615865782332,106.74290466308594,671900,0.0,0.0
2022-09-13 00:00:00-04:00,104.4958799807139,106.79010675648733,103.85387392649838,104.17487335205078,645900,0.0,0.0
2022-09-14 00:00:00-04:00,104.07102827501964,104.90185669063575,102.66427513080632,104.78855895996094,699300,0.0,0.0
2022-09-15 00:00:00-04:00,104.48644380928737,105.03403872870958,101.79568560607301,102.20166015625,626600,0.0,0.0
2022-09-16 00:00:00-04:00,100.28507981459819,100.98373114182388,98.83112469359116,99.96407318115234,1178200,0.0,0.0
2022-09-19 00:00:00-04:00,98.36850251535145,101.81455708271993,98.00972998060841,101.597412109375,825400,0.0,0.0
2022-09-20 00:00:00-04:00,100.37005043484479,101.08758833810735,99.52977872308259,100.3794937133789,496000,0.0,0.0
2022-09-21 00:00:00-04:00,101.34248693719297,102.47544252115728,99.78468471429603,99.79412078857422,685800,0.0,0.0
2022-09-22 00:00:00-04:00,100.19066539587803,102.00338579850442,99.29374126942612,101.19143676757812,1044200,0.0,0.0
2022-09-23 00:00:00-04:00,99.31262846991582,99.69971643194748,97.48102149945845,98.94441986083984,957600,0.0,0.0
2022-09-26 00:00:00-04:00,98.4723606300434,101.00261900797398,97.29220293890246,97.51879119873047,982300,0.0,0.0
2022-09-27 00:00:00-04:00,99.04827947808829,100.47390480172444,98.32129829692589,99.13324737548828,1141100,0.0,0.0
2022-09-28 00:00:00-04:00,99.48257957077735,102.89087570448417,99.09548437407128,102.32439422607422,1292300,0.0,0.0
2022-09-29 00:00:00-04:00,101.7456490503034,101.7456490503034,99.92402033185736,100.86329650878906,916500,0.53,0.0
2022-09-30 00:00:00-04:00,100.5881430237091,101.84051354152041,100.06632619708424,100.28453826904297,1387700,0.0,0.0
2022-10-03 00:00:00-04:00,102.04923902776542,104.14601041063604,101.84050941017964,103.51982879638672,1079100,0.0,0.0
2022-10-04 00:00:00-04:00,105.22761920867833,107.44772772425833,104.56347880016934,106.67922973632812,1136800,0.0,0.0
2022-10-05 00:00:00-04:00,105.63558794488466,106.83103496168341,104.67733963286805,106.29972839355469,884400,0.0,0.0
2022-10-06 00:00:00-04:00,105.75892398878186,107.51413925622008,105.41736772459286,106.23330688476562,826100,0.0,0.0
2022-10-07 00:00:00-04:00,105.58815665264368,106.26177956519479,103.86140302424964,105.08531188964844,642400,0.0,0.0
2022-10-10 00:00:00-04:00,105.60712475646393,107.39080919233348,105.28454784100353,106.6602554321289,589300,0.0,0.0
2022-10-11 00:00:00-04:00,106.13843855620607,108.77600646876917,105.94868104254495,106.6602554321289,745800,0.0,0.0
2022-10-12 00:00:00-04:00,106.97334253228591,109.48757331666661,106.2902300071778,108.82343292236328,1404900,0.0,0.0
2022-10-13 00:00:00-04:00,106.73615825009499,111.32818149499253,106.29972682720457,110.5501937866211,954300,0.0,0.0
2022-10-14 00:00:00-04:00,111.16689093842875,111.48947508574027,104.81016275141363,105.16120147705078,844300,0.0,0.0
2022-10-17 00:00:00-04:00,107.03026734628402,108.85190317954421,106.81205526632876,108.58624267578125,822000,0.0,0.0
2022-10-18 00:00:00-04:00,111.1668931355507,112.47619464388524,109.9524740032182,111.6602554321289,831200,0.0,0.0
2022-10-19 00:00:00-04:00,111.22381865652174,112.6184983114233,109.71527726049341,110.6925048828125,694500,0.0,0.0
2022-10-20 00:00:00-04:00,111.43253884717414,111.97333505651221,108.58624148465618,109.44013214111328,917400,0.0,0.0
2022-10-21 00:00:00-04:00,109.30730870149121,111.5084451032334,108.1118617475467,111.19535064697266,1179300,0.0,0.0
2022-10-24 00:00:00-04:00,111.33766657537504,111.83102885111289,109.39270100414444,109.77220153808594,1047700,0.0,0.0
2022-10-25 00:00:00-04:00,109.48757884522371,113.24469068452453,109.12704319515117,112.5710678100586,1252200,0.0,0.0
2022-10-26 00:00:00-04:00,113.03596226241764,113.46290399752165,111.75512981859667,112.33387756347656,808500,0.0,0.0
2022-10-27 00:00:00-04:00,112.61849773908158,113.35854114457538,111.9069233879791,112.47618865966797,673400,0.0,0.0
2022-10-28 00:00:00-04:00,112.5805527533815,113.40597436271005,110.52172547615672,111.91641235351562,927300,0.0,0.0
2022-10-31 00:00:00-04:00,111.58434927359122,113.26366159914207,110.6640452650457,112.80825805664062,949900,0.0,0.0
2022-11-01 00:00:00-04:00,113.3585474086987,113.66215219240576,111.65076597627836,113.45342254638672,1102100,0.0,0.0
2022-11-02 00:00:00-04:00,116.52741767378495,118.12134454025404,112.90313253245165,113.72856140136719,1918700,0.0,0.0
2022-11-03 00:00:00-04:00,111.74563910480342,118.45341328171884,111.55588883283906,117.0207748413086,1395400,0.0,0.0
2022-11-04 00:00:00-04:00,118.99420834404984,119.20293798425466,115.43633649103721,118.12134552001953,930800,0.0,0.0
2022-11-07 00:00:00-05:00,118.25416105791881,118.89932204958653,117.03974207089911,118.0928726196289,610100,0.0,0.0
2022-11-08 00:00:00-05:00,118.60522358493712,121.41356969505482,117.66594016072695,120.63558197021484,673800,0.0,0.0
2022-11-09 00:00:00-05:00,119.99989790693873,121.47048050895619,119.18395876475785,119.42115020751953,605400,0.0,0.0
2022-11-10 00:00:00-05:00,122.5425972997487,123.13082747797071,119.68681014278626,119.971435546875,839500,0.0,0.0
2022-11-11 00:00:00-05:00,120.93918238043231,121.7551215791973,117.2389941690461,119.1175537109375,880000,0.0,0.0
2022-11-14 00:00:00-05:00,118.92779045736229,122.8082463066816,118.05492766686075,120.61659240722656,666700,0.0,0.0
2022-11-15 00:00:00-05:00,122.65643710395582,122.70387828767217,119.66782349253455,122.13461303710938,678300,0.0,0.0
2022-11-16 00:00:00-05:00,121.41357272503635,121.5463993712378,120.08529902451252,120.22761535644531,617400,0.0,0.0
2022-11-17 00:00:00-05:00,118.59572127023603,120.91071206575371,117.96953238744516,120.77788543701172,718400,0.0,0.0
2022-11-18 00:00:00-05:00,121.85948835512873,121.98283254854252,120.0852936059101,121.1099624633789,700100,0.0,0.0
2022-11-21 00:00:00-05:00,119.81963373569626,121.35663693736791,119.31678901992026,120.74942016601562,505500,0.0,0.0
2022-11-22 00:00:00-05:00,121.9353867415506,122.39079027972421,120.58813378139088,121.56536865234375,638400,0.0,0.0
2022-11-23 00:00:00-05:00,121.81204874886629,122.3813140583025,120.588139915193,121.6792221069336,579600,0.0,0.0
2022-11-25 00:00:00-05:00,121.59383087226874,122.92209722844127,121.45150731316757,122.56156158447266,172200,0.0,0.0
2022-11-28 00:00:00-05:00,121.53690855452278,122.1536005529149,120.2086277069601,120.53121185302734,646300,0.0,0.0
2022-11-29 00:00:00-05:00,121.12893387349922,121.98283182147598,120.04734138767631,121.16688537597656,543000,0.0,0.0
2022-11-30 00:00:00-05:00,121.49895209103657,124.02267271938294,120.218119644861,123.94676971435547,1196500,0.0,0.0
2022-12-01 00:00:00-05:00,124.28831542638594,125.71146407630638,123.33006721383218,123.36801147460938,658100,0.0,0.0
2022-12-02 00:00:00-05:00,122.85568858992396,127.49515277043386,121.55586960022728,127.4761734008789,1061600,0.0,0.0
2022-12-05 00:00:00-05:00,126.65075316904085,127.40975423530959,123.39647891319507,124.03215026855469,731800,0.0,0.0
2022-12-06 00:00:00-05:00,124.31677641380449,124.6108914831745,120.27503224814882,121.38509368896484,983900,0.0,0.0
2022-12-07 00:00:00-05:00,121.3092033789111,122.19154867930767,120.45531265763,121.36612701416016,694800,0.0,0.0
2022-12-08 00:00:00-05:00,122.51413294047751,122.7418274682158,121.27124481467311,121.43253326416016,601000,0.0,0.0
2022-12-09 00:00:00-05:00,121.43253050194913,122.39078596926606,120.09477451235598,120.1137466430664,527100,0.0,0.0
2022-12-12 00:00:00-05:00,120.29401638283068,120.68300659594026,118.74753073813646,119.81963348388672,808300,0.0,0.0
2022-12-13 00:00:00-05:00,122.03026088523491,122.5900437479425,120.51223694941466,121.0625228881836,828600,0.0,0.0
2022-12-14 00:00:00-05:00,121.32816520158234,122.59951510935068,119.89553408714919,120.29401397705078,467300,0.0,0.0
2022-12-15 00:00:00-05:00,119.24089165054464,119.38320797495037,117.66593687387012,118.75701904296875,774300,0.0,0.0
2022-12-16 00:00:00-05:00,117.69440339257243,119.08908307386017,116.9543599693166,117.93159484863281,2182200,0.0,0.0
2022-12-19 00:00:00-05:00,118.12134767447345,118.99421051442421,116.11945116291773,116.47049713134766,636500,0.0,0.0
2022-12-20 00:00:00-05:00,116.84049733992047,118.17825321217758,116.09097156870227,117.80823516845703,785400,0.0,0.0
2022-12-21 00:00:00-05:00,118.33007547233316,119.26935161722348,117.25796545181858,118.68111419677734,530700,0.0,0.0
2022-12-22 00:00:00-05:00,118.47239606574571,118.72855966412972,116.30920381507268,118.28263854980469,500800,0.0,0.0
2022-12-23 00:00:00-05:00,118.19724286500595,120.0283611139024,117.47617884386574,119.8670654296875,575800,0.0,0.0
2022-12-27 00:00:00-05:00,120.69250274123289,120.95815602070024,119.53500724768884,120.05683135986328,436800,0.0,0.0
2022-12-28 00:00:00-05:00,119.78168945060283,120.41736083757375,118.17827283589166,118.27315521240234,422200,0.0,0.0
2022-12-29 00:00:00-05:00,118.7402162443133,120.15095654354369,118.7402162443133,119.09290313720703,430600,0.58,0.0
2022-12-30 00:00:00-05:00,118.73067636494181,119.53136873118954,117.80607052625975,118.9594497680664,591600,0.0,0.0
2023-01-03 00:00:00-05:00,119.02617397930455,119.85545393367165,117.95858657768883,119.0738296508789,735700,0.0,0.0
2023-01-04 00:00:00-05:00,119.06430715861843,120.10329246781306,116.62410833471309,117.1865005493164,977400,0.0,0.0
2023-01-05 00:00:00-05:00,116.44300295999022,117.53917796554022,114.54612829901824,116.00452423095703,993200,0.0,0.0
2023-01-06 00:00:00-05:00,117.48198928345536,119.80780137816444,116.89100221627756,119.58856201171875,739500,0.0,0.0
2023-01-09 00:00:00-05:00,120.67521486255609,123.39183557636142,119.7220141017581,122.9343032836914,1042700,0.0,0.0
2023-01-10 00:00:00-05:00,123.43949679547637,124.20206030237854,121.7904563025469,122.67693328857422,651700,0.0,0.0
2023-01-11 00:00:00-05:00,124.20206126173817,125.41263029287016,122.79132821712035,125.3649673461914,877200,0.0,0.0
2023-01-12 00:00:00-05:00,125.41262325216859,125.48886650894717,123.0010120967532,123.32511138916016,547800,0.0,0.0
2023-01-13 00:00:00-05:00,122.63881390276794,123.97328915575227,121.8190606631663,123.88750457763672,550100,0.0,0.0
2023-01-17 00:00:00-05:00,124.22112579003381,125.55560099066669,122.2765881608958,122.61021423339844,876700,0.0,0.0
2023-01-18 00:00:00-05:00,123.56342665880703,123.86844335724707,120.66568802783051,120.69429016113281,741300,0.0,0.0
2023-01-19 00:00:00-05:00,120.50364013349727,121.36152228477823,119.88405817577521,120.64662170410156,400200,0.0,0.0
2023-01-20 00:00:00-05:00,121.07555547122543,123.172601474345,120.36065491223242,122.20033264160156,662800,0.0,0.0
2023-01-23 00:00:00-05:00,122.38144701020428,122.78178959063511,120.63708784531241,121.5140380859375,500100,0.0,0.0
2023-01-24 00:00:00-05:00,120.67520378108358,123.3346345321787,119.15008415832581,123.17259216308594,317400,0.0,0.0
2023-01-25 00:00:00-05:00,121.90483681408378,123.5443431799491,120.60848328164815,122.8485107421875,366400,0.0,0.0
2023-01-26 00:00:00-05:00,123.02009320173278,125.20293118374308,123.02009320173278,124.77397918701172,591400,0.0,0.0
2023-01-27 00:00:00-05:00,124.4975423565017,126.71850170338854,124.478474270242,126.03219604492188,769200,0.0,0.0
2023-01-30 00:00:00-05:00,125.8224998345764,127.12838021643773,123.22979261380394,124.19252014160156,673500,0.0,0.0
2023-01-31 00:00:00-05:00,124.24970820387587,126.96632127836841,123.90655539455513,126.89960479736328,560700,0.0,0.0
2023-02-01 00:00:00-05:00,126.57552132137432,127.10932595945532,124.96462426977737,126.23236846923828,747400,0.0,0.0
2023-02-02 00:00:00-05:00,124.96462153751024,125.412627044245,119.89358667178456,122.69599914550781,1413000,0.0,0.0
2023-02-03 00:00:00-05:00,122.53395422981895,123.02962267173554,121.09461912087075,121.42823791503906,1063100,0.0,0.0
2023-02-06 00:00:00-05:00,121.02790343026089,121.02790343026089,118.34941158265035,120.22721099853516,1350300,0.0,0.0
2023-02-07 00:00:00-05:00,119.84593650683647,121.16135095682438,119.03571003111485,120.22721099853516,1008700,0.0,0.0
2023-02-08 00:00:00-05:00,120.76099892608048,124.15439108856796,119.78873014024457,122.45769500732422,1226300,0.0,0.0
2023-02-09 00:00:00-05:00,123.44902880814774,124.71678760145149,120.83726068548835,123.0582275390625,1093900,0.0,0.0
2023-02-10 00:00:00-05:00,123.32511118379448,125.41262304332669,123.10586455068372,125.05992889404297,1145700,0.0,0.0
2023-02-13 00:00:00-05:00,125.05993679435007,125.60326820896309,122.63881326378203,122.90570831298828,820300,0.0,0.0
2023-02-14 00:00:00-05:00,122.85804353359705,123.16307475367708,121.3043289361234,122.61974334716797,760600,0.0,0.0
2023-02-15 00:00:00-05:00,122.05735530373647,123.16307163146269,121.1232153967835,123.00101470947266,881800,0.0,0.0
2023-02-16 00:00:00-05:00,122.07642852749979,124.91696272473945,121.81906024933804,122.96289825439453,976000,0.0,0.0
2023-02-17 00:00:00-05:00,122.89616511317514,123.21072310449476,121.66654255137036,122.20033264160156,495900,0.0,0.0
2023-02-21 00:00:00-05:00,121.94297030036913,122.39096853697968,120.10329259121312,120.23674011230469,593500,0.0,0.0
2023-02-22 00:00:00-05:00,120.64661092313716,123.01055183183163,120.29392405014194,122.70552062988281,534800,0.0,0.0
2023-02-23 00:00:00-05:00,122.60067530986237,124.18299203912385,122.0192222729501,123.03915405273438,525100,0.0,0.0
2023-02-24 00:00:00-05:00,121.88577296668831,123.37275642063821,120.37971415437605,122.8389663696289,557000,0.0,0.0
2023-02-27 00:00:00-05:00,123.2583767329548,124.30690329142328,122.65785565449669,123.17259216308594,483200,0.0,0.0
2023-02-28 00:00:00-05:00,123.25838872119175,123.7731252798448,122.6388140411832,123.10587310791016,903400,0.0,0.0
2023-03-01 00:00:00-05:00,122.83897741400143,123.73498845647883,121.76186317213102,122.12407684326172,701100,0.0,0.0
2023-03-02 00:00:00-05:00,122.23847268812982,123.15353728759804,120.64662186603775,122.82945251464844,791100,0.0,0.0
2023-03-03 00:00:00-05:00,123.09634210139696,123.09634210139696,121.4377748619159,122.3909683227539,729900,0.0,0.0
2023-03-06 00:00:00-05:00,121.81905351505307,122.26705901184313,119.21681237973884,120.084228515625,1054300,0.0,0.0
2023-03-07 00:00:00-05:00,119.73154979592,120.53223495530096,118.07298248552746,120.22721099853516,763600,0.0,0.0
2023-03-08 00:00:00-05:00,120.32253444341994,121.67607776948158,119.55997093086273,121.50450134277344,969400,0.0,0.0
2023-03-09 00:00:00-05:00,121.86671950597064,122.50536956203757,117.16743932196016,117.49153137207031,574100,0.0,0.0
2023-03-10 00:00:00-05:00,117.00538911431688,117.42479976089928,114.2792344562202,114.91787719726562,613600,0.0,0.0
2023-03-13 00:00:00-04:00,113.31651386078322,115.38496522187616,112.0392282189246,113.85031127929688,1042500,0.0,0.0
2023-03-14 00:00:00-04:00,115.76623146978824,116.52879500040571,113.13540256108206,114.63192749023438,918500,0.0,0.0
2023-03-15 00:00:00-04:00,112.02967520021288,113.16398634105232,109.07475453498678,110.61894226074219,847700,0.0,0.0
2023-03-16 00:00:00-04:00,109.20821096635736,111.51495506408224,108.53143929829812,111.29572296142578,1137600,0.0,0.0
2023-03-17 00:00:00-04:00,111.53402681959577,112.02968803209916,110.0089070053412,110.63801574707031,1660800,0.0,0.0
2023-03-20 00:00:00-04:00,111.59120939241637,113.56433461655166,110.46643223788284,113.29743957519531,1011800,0.0,0.0
2023-03-21 00:00:00-04:00,114.78443012871999,116.18563636499816,114.17438224348037,115.84248352050781,821500,0.0,0.0
2023-03-22 00:00:00-04:00,115.81389459725636,115.99500507233657,112.363305160759,112.53488159179688,933500,0.0,0.0
2023-03-23 00:00:00-04:00,112.6587987627566,113.32603637759341,109.9993678024592,111.48635864257812,840300,0.0,0.0
2023-03-24 00:00:00-04:00,110.68568022547028,112.6397375146229,109.61809270456423,112.18220520019531,725700,0.0,0.0
2023-03-27 00:00:00-04:00,113.5357492884469,113.5357492884469,111.86764786760352,112.77318572998047,502400,0.0,0.0
2023-03-28 00:00:00-04:00,113.0782023699997,114.70817478004241,112.62067008244979,113.669189453125,376600,0.0,0.0
2023-03-29 00:00:00-04:00,114.91788474746849,115.95687738867089,114.14579443584611,115.30870056152344,722900,0.0,0.0
2023-03-30 00:00:00-04:00,116.21858946547563,116.48677762141385,115.09797350226621,115.97914123535156,490600,0.58,0.0
2023-03-31 00:00:00-04:00,116.25690553230817,117.1572332428332,115.90252681786086,116.97525024414062,516500,0.0,0.0
2023-04-03 00:00:00-04:00,117.48288408616031,118.04797840628282,116.51551118256572,117.53076934814453,875300,0.0,0.0
2023-04-04 00:00:00-04:00,116.93694245370334,117.96178796644234,115.7109685976537,116.45804595947266,879400,0.0,0.0
2023-04-05 00:00:00-04:00,116.15154741478182,116.7741142915256,115.02135144553901,116.73580169677734,1106100,0.0,0.0
2023-04-06 00:00:00-04:00,115.4619463839959,115.97914816145595,111.21892320051508,111.98515319824219,1595900,0.0,0.0
2023-04-10 00:00:00-04:00,112.14796987293803,114.25511868846232,111.8223237865838,114.04440307617188,712000,0.0,0.0
2023-04-11 00:00:00-04:00,114.04441560226662,115.78759862170484,113.3452234762688,115.67266082763672,667300,0.0,0.0
2023-04-12 00:00:00-04:00,116.01746420047236,118.55561712816242,115.6535054888044,117.32964324951172,889300,0.0,0.0
2023-04-13 00:00:00-04:00,118.64181772739627,119.50382555378597,117.12850308226427,118.6226577758789,722800,0.0,0.0
2023-04-14 00:00:00-04:00,118.61308331719147,119.63792885700623,116.78370246073715,117.51162719726562,563900,0.0,0.0
2023-04-17 00:00:00-04:00,118.30659031986694,119.0728276569068,117.80854116595759,119.06324768066406,402700,0.0,0.0
2023-04-18 00:00:00-04:00,119.32185013532889,119.91567710089602,118.78548110230574,119.42720794677734,390900,0.0,0.0
2023-04-19 00:00:00-04:00,118.76632659603851,119.3218482645332,118.00008930795065,118.5268783569336,555000,0.0,0.0
2023-04-20 00:00:00-04:00,117.72234659678394,118.19166314248137,117.05188708126373,117.91390228271484,648400,0.0,0.0
2023-04-21 00:00:00-04:00,117.94262377231018,118.94830929697375,117.72233548502066,118.01924896240234,693100,0.0,0.0
2023-04-24 00:00:00-04:00,118.54604085281035,118.80464906466878,117.79896345389658,118.56520080566406,397900,0.0,0.0
2023-04-25 00:00:00-04:00,117.58823555185555,118.62265367663332,116.841158230865,116.87947082519531,640400,0.0,0.0
2023-04-26 00:00:00-04:00,115.99831018786638,116.85074536867033,114.67655848566469,114.76275634765625,808800,0.0,0.0
2023-04-27 00:00:00-04:00,114.78190164839462,116.98482831849836,114.45625555853208,116.64002227783203,763100,0.0,0.0
2023-04-28 00:00:00-04:00,116.32394820509077,118.47898229350656,116.32394820509077,118.36405181884766,946200,0.0,0.0
2023-05-01 00:00:00-04:00,118.2874250430186,119.35057576362318,117.64570554352,118.53645324707031,910500,0.0,0.0
2023-05-02 00:00:00-04:00,113.78580805476534,116.41015875332144,107.06209729575241,111.50625610351562,3243300,0.0,0.0
2023-05-03 00:00:00-04:00,111.00820581493625,112.3012248528318,109.00641472347867,109.17881774902344,1252000,0.0,0.0
2023-05-04 00:00:00-04:00,108.65203964513984,109.03515099707305,106.31502239996793,107.1674575805664,1108000,0.0,0.0
2023-05-05 00:00:00-04:00,108.36470218665656,109.37996045407091,107.80918047878119,108.6999282836914,816100,0.0,0.0
2023-05-08 00:00:00-04:00,109.63856720484159,109.8205502154038,107.05252168914483,107.23450469970703,586100,0.0,0.0
2023-05-09 00:00:00-04:00,106.86096646936718,106.91843171194733,105.37638437207967,105.83612823486328,1032600,0.0,0.0
2023-05-10 00:00:00-04:00,107.07167888139266,107.36859236896697,103.95885167399801,105.91275024414062,1036600,0.0,0.0
2023-05-11 00:00:00-04:00,104.30365970389775,105.00284450540062,103.73855803112104,104.87833404541016,1095200,0.0,0.0
2023-05-12 00:00:00-04:00,105.03158124653213,105.87443643468156,104.08336093906097,104.9549560546875,776300,0.0,0.0
2023-05-15 00:00:00-04:00,105.48174285923228,105.5775280073161,104.38028673007683,105.51048278808594,618100,0.0,0.0
2023-05-16 00:00:00-04:00,104.84960474500691,105.05074040553716,103.6523634508644,103.72898864746094,990700,0.0,0.0
2023-05-17 00:00:00-04:00,104.02589418892995,104.82086410117286,103.14472641764839,103.4607925415039,774200,0.0,0.0
2023-05-18 00:00:00-04:00,103.32669830017569,104.15040080171565,101.77507843566845,103.89179992675781,796500,0.0,0.0
2023-05-19 00:00:00-04:00,104.60056591894812,105.15608757695509,103.60446038619153,104.313232421875,604600,0.0,0.0
2023-05-22 00:00:00-04:00,104.51437001355602,105.0507317306784,103.25965627188711,103.27881622314453,1030500,0.0,0.0
2023-05-23 00:00:00-04:00,103.08725104628348,103.41290444428303,101.9570550897795,102.1390380859375,801400,0.0,0.0
2023-05-24 00:00:00-04:00,102.06242358648126,102.10073618481023,100.30966788406167,100.48207092285156,709800,0.0,0.0
2023-05-25 00:00:00-04:00,99.86907326959592,100.7119357894831,99.2082010661343,99.4859619140625,649500,0.0,0.0
2023-05-26 00:00:00-04:00,99.88823292243549,100.42459466447936,99.04537771245505,99.2177734375,769200,0.0,0.0
2023-05-30 00:00:00-04:00,98.88254698437946,100.01274301336518,97.8481361010178,99.81160736083984,891500,0.0,0.0
2023-05-31 00:00:00-04:00,99.17945893862833,100.0318940455295,98.2982839061743,99.68708801269531,2746800,0.0,0.0
2023-06-01 00:00:00-04:00,99.95528222000375,100.76940484237291,99.39018052667298,99.88823699951172,1105300,0.0,0.0
2023-06-02 00:00:00-04:00,101.57394249447036,102.7328710554116,100.98968822634741,102.55088806152344,1089100,0.0,0.0
2023-06-05 00:00:00-04:00,103.15429433484027,104.50478585662121,102.68497785113587,102.9052734375,1077000,0.0,0.0
2023-06-06 00:00:00-04:00,102.01454109072752,105.71162289503813,102.01454109072752,105.5583724975586,1081000,0.0,0.0
2023-06-07 00:00:00-04:00,105.78823210197321,107.22492157718723,104.85917904620115,106.74602508544922,957400,0.0,0.0
2023-06-08 00:00:00-04:00,106.4682645807629,106.74601809729285,104.16956010942967,105.31890869140625,1002900,0.0,0.0
2023-06-09 00:00:00-04:00,104.67719479157121,105.9606338665675,100.60657466038433,101.17166900634766,1770900,0.0,0.0
2023-06-12 00:00:00-04:00,101.17166104849576,102.19649915567697,100.27134069460958,100.66403198242188,1522100,0.0,0.0
2023-06-13 00:00:00-04:00,101.41112328370215,102.34018369104827,100.54911540347423,101.34407806396484,1242700,0.0,0.0
2023-06-14 00:00:00-04:00,101.76550301858809,102.3210246947197,99.8786496993214,100.12767791748047,698800,0.0,0.0
2023-06-15 00:00:00-04:00,100.56826741063469,101.90917910425266,99.92654783902395,101.43028259277344,772800,0.0,0.0
2023-06-16 00:00:00-04:00,101.82297352218164,102.76161389614741,100.9609656508961,102.26355743408203,1605400,0.0,0.0
2023-06-20 00:00:00-04:00,101.22913965876874,101.95705704258225,99.72540501310351,100.83644104003906,1107600,0.0,0.0
2023-06-21 00:00:00-04:00,100.62572652391935,104.31323528358517,99.95527437164216,104.26534271240234,1417500,0.0,0.0
2023-06-22 00:00:00-04:00,103.96842512094723,104.09293557076704,102.50299580483055,103.35543823242188,1102700,0.0,0.0
2023-06-23 00:00:00-04:00,102.69456556381591,103.13514946235956,101.02800780717156,101.2674560546875,1270900,0.0,0.0
2023-06-26 00:00:00-04:00,101.56436663146063,102.35933654419361,101.08547015015841,102.09114837646484,807100,0.0,0.0
2023-06-27 00:00:00-04:00,101.76549527511082,102.62751034362303,99.94568730989168,100.66403198242188,753900,0.0,0.0
2023-06-28 00:00:00-04:00,100.74066261386251,101.2578716829296,98.68140631314544,99.5530014038086,1304600,0.0,0.0
2023-06-29 00:00:00-04:00,99.25442480962376,100.8243853631233,98.83062871119304,100.6799087524414,747000,0.58,0.0
2023-06-30 00:00:00-04:00,101.39265631275455,101.39265631275455,99.68785278821696,100.49691009521484,848000,0.0,0.0
2023-07-03 00:00:00-04:00,100.19832639389512,102.93372625752201,99.85158546261303,102.18244934082031,450200,0.0,0.0
2023-07-05 00:00:00-04:00,100.87255366753818,100.88218005343404,98.64763134510217,98.76321411132812,991800,0.0,0.0
2023-07-06 00:00:00-04:00,98.07935618589329,99.68784427679526,97.68445395187132,99.5530014038086,1087200,0.0,0.0
2023-07-07 00:00:00-04:00,99.109935029177,101.05553010288666,98.7439266843001,100.41020965576172,1453500,0.0,0.0
2023-07-10 00:00:00-04:00,92.50261321523394,94.03404610627376,85.50038094870106,89.21820831298828,8312700,0.0,0.0
2023-07-11 00:00:00-04:00,89.2374777696054,90.53775253311669,88.20688875279151,90.37401580810547,2460200,0.0,0.0
2023-07-12 00:00:00-04:00,91.50092332694341,92.46409094091123,89.65164327173775,91.95361328125,2271400,0.0,0.0
2023-07-13 00:00:00-04:00,91.71281879965886,93.68730794375746,91.13491971720038,92.63745880126953,1643900,0.0,0.0
2023-07-14 00:00:00-04:00,92.7722993727763,93.196095451973,91.47202463242367,91.72245025634766,1109500,0.0,0.0
2023-07-17 00:00:00-04:00,91.50092598663957,92.52188133563857,91.3757168386031,91.89582824707031,888800,0.0,0.0
2023-07-18 00:00:00-04:00,92.27145089019058,93.8606714114709,91.61649668595696,92.04991912841797,1218400,0.0,0.0
2023-07-19 00:00:00-04:00,92.38703892077511,93.3405801819794,91.95361641905387,92.10771942138672,1181500,0.0,0.0
2023-07-20 00:00:00-04:00,93.0805153072596,93.0805153072596,91.72245282655612,92.11734771728516,817700,0.0,0.0
2023-07-21 00:00:00-04:00,91.9921364759934,92.31960992188402,91.327548502599,91.655029296875,1150100,0.0,0.0
2023-07-24 00:00:00-04:00,90.7014950801963,92.30035689308284,90.59554605170932,91.89582824707031,1625000,0.0,0.0
2023-07-25 00:00:00-04:00,92.77229688435986,92.77229688435986,91.67428647987958,92.23292541503906,1166900,0.0,0.0
2023-07-26 00:00:00-04:00,91.77060155762966,92.79155679323053,91.51054955647317,91.78023529052734,647400,0.0,0.0
2023-07-27 00:00:00-04:00,91.78024120653434,93.08051599290069,91.39497269802952,91.70318603515625,810000,0.0,0.0
2023-07-28 00:00:00-04:00,92.80119104496326,92.97456149616525,92.18476440699733,92.79155731201172,1150900,0.0,0.0
2023-07-31 00:00:00-04:00,93.13830577703243,93.24425480294674,92.07882286627498,92.68562316894531,831300,0.0,0.0
2023-08-01 00:00:00-04:00,92.049921657106,92.51224531036513,90.35474472633608,90.56664276123047,1403000,0.0,0.0
2023-08-02 00:00:00-04:00,89.72869539840185,90.83633223815477,89.3048993111594,89.40121459960938,1680000,0.0,0.0
2023-08-03 00:00:00-04:00,88.1490961250077,89.35305563328863,86.37687125604327,87.63861846923828,1840000,0.0,0.0
2023-08-04 00:00:00-04:00,87.97572450207367,90.60517526678423,87.97572450207367,88.12020111083984,1298000,0.0,0.0
2023-08-07 00:00:00-04:00,88.10093208837131,88.84256782745243,87.6000808750516,87.69640350341797,1077600,0.0,0.0
2023-08-08 00:00:00-04:00,86.685079833579,86.93550545509054,85.27885608697383,85.35591125488281,1256200,0.0,0.0
2023-08-09 00:00:00-04:00,85.71228408292586,85.78933925581183,83.41994780246173,83.74742126464844,2064400,0.0,0.0
2023-08-10 00:00:00-04:00,84.24827383386973,85.1729138775442,83.65110725741117,84.51795959472656,1412800,0.0,0.0
2023-08-11 00:00:00-04:00,84.35421734772635,86.48281679066197,84.15195304030374,85.77970123291016,1015100,0.0,0.0
2023-08-14 00:00:00-04:00,84.97064793767555,86.63692379195324,84.65280086198592,86.4924545288086,1417600,0.0,0.0
2023-08-15 00:00:00-04:00,85.6352417552349,86.17461330328663,84.19049023862244,84.2579116821289,1226500,0.0,0.0
2023-08-16 00:00:00-04:00,83.94005584716797,84.59501009379063,83.61257504966392,83.94005584716797,863300,0.0,0.0
2023-08-17 00:00:00-04:00,84.16158214355094,85.65449486114854,83.88226265807333,85.54854583740234,1146000,0.0,0.0
2023-08-18 00:00:00-04:00,85.00917423395191,87.00293086733528,84.99954050042656,85.72191619873047,1392300,0.0,0.0
2023-08-21 00:00:00-04:00,85.4425926077022,85.83749483102338,84.20973931758238,84.9032211303711,931900,0.0,0.0
2023-08-22 00:00:00-04:00,84.99953813805361,85.4233342207635,84.7105849274086,85.25959014892578,951900,0.0,0.0
2023-08-23 00:00:00-04:00,85.10549174290392,85.2499683560086,84.4409037316539,84.93212127685547,1116800,0.0,0.0
2023-08-24 00:00:00-04:00,84.75875033197592,85.32701569902196,84.3445879625547,84.99954223632812,903600,0.0,0.0
2023-08-25 00:00:00-04:00,85.50038367721926,85.69302160412938,84.64316511052941,84.71058654785156,865400,0.0,0.0
2023-08-28 00:00:00-04:00,85.1440110303131,85.98196207754748,84.92247926536137,85.34627532958984,610300,0.0,0.0
2023-08-29 00:00:00-04:00,85.70265168518225,85.9338098392376,84.66242896935532,85.42333221435547,1214400,0.0,0.0
2023-08-30 00:00:00-04:00,85.29811543721789,85.55817478947428,84.61426736204605,85.14401245117188,1521000,0.0,0.0
2023-08-31 00:00:00-04:00,85.29811459227504,85.36553602582454,82.52419473545764,83.05393981933594,2163500,0.0,0.0
2023-09-01 00:00:00-04:00,83.86300541291219,84.13269117409381,82.70720719402354,82.91909790039062,1529900,0.0,0.0
2023-09-05 00:00:00-04:00,82.18709531160322,82.18709531160322,79.30721881827519,79.57691192626953,2641400,0.0,0.0
2023-09-06 00:00:00-04:00,79.41316088478537,79.93327223918148,78.63299752738382,79.1627426147461,1924500,0.0,0.0
2023-09-07 00:00:00-04:00,78.15142403666715,78.4981649852089,72.06420466549191,73.29705810546875,7138500,0.0,0.0
2023-09-08 00:00:00-04:00,73.6534272450778,74.26022018516547,72.0545655084229,72.68062591552734,3065100,0.0,0.0
2023-09-11 00:00:00-04:00,73.09478811653572,73.87495151614694,70.99508246780249,71.1491928100586,2467400,0.0,0.0
2023-09-12 00:00:00-04:00,70.78317459042688,72.81545851925868,70.31122459249072,72.28572082519531,2341800,0.0,0.0
2023-09-13 00:00:00-04:00,72.73841238120744,74.34690782398106,72.28572979141991,72.53614807128906,2213800,0.0,0.0
2023-09-14 00:00:00-04:00,73.32594768491244,73.79790510581533,72.25683104730209,72.82510375976562,2268600,0.0,0.0
2023-09-15 00:00:00-04:00,72.71914797465044,73.99052881086787,72.57467137654697,72.8636245727539,2928100,0.0,0.0
2023-09-18 00:00:00-04:00,73.00810166500507,73.09478321542282,70.97581759018013,71.02397155761719,1513400,0.0,0.0
2023-09-19 00:00:00-04:00,71.27440227640086,71.3225635956716,69.75259570742733,69.82965087890625,1655300,0.0,0.0
2023-09-20 00:00:00-04:00,70.3112340303226,70.3112340303226,68.29821729558363,68.36563873291016,1651100,0.0,0.0
2023-09-21 00:00:00-04:00,68.09594585110963,68.39453280168995,67.1713058441062,67.21946716308594,1562000,0.0,0.0
2023-09-22 00:00:00-04:00,67.46988667112859,67.57583568455962,65.65912705858715,65.87102508544922,1555500,0.0,0.0
2023-09-25 00:00:00-04:00,64.95602842642454,66.42004001570159,64.88860698511019,65.427978515625,1242600,0.0,0.0
2023-09-26 00:00:00-04:00,64.93675603736932,65.31239080313811,64.09880495144762,64.57075500488281,1442800,0.0,0.0
2023-09-27 00:00:00-04:00,64.93675973939541,65.0138149132756,63.20306241740623,63.578697204589844,1463500,0.0,0.0
2023-09-28 00:00:00-04:00,63.76331712723627,64.76417259898331,63.45237166597966,64.04511260986328,1987100,0.58,0.0
2023-09-29 00:00:00-04:00,64.7058661810766,65.37634535352919,64.09369438026644,65.07511901855469,1944400,0.0,0.0
2023-10-02 00:00:00-04:00,64.7544557964804,64.7641749275479,62.96652118335175,63.403785705566406,2338700,0.0,0.0
2023-10-03 00:00:00-04:00,62.77217672167869,64.58926875962194,62.694438498835936,63.306617736816406,1731000,0.0,0.0
2023-10-04 00:00:00-04:00,63.986804046788635,64.22973041554145,62.77217220302452,63.015098571777344,1391200,0.0,0.0
2023-10-05 00:00:00-04:00,62.77217568479064,63.170578510135094,61.21744832124185,61.713016510009766,1186300,0.0,0.0
2023-10-06 00:00:00-04:00,61.03282414232619,61.625561387073056,60.4692331698216,61.013389587402344,1612400,0.0,0.0
2023-10-09 00:00:00-04:00,61.03282653181422,61.75188655833675,60.25545913147502,61.55754470825195,1491000,0.0,0.0
2023-10-10 00:00:00-04:00,62.04339711666008,62.91793358353779,61.5866980344128,62.7916145324707,1125900,0.0,0.0
2023-10-11 00:00:00-04:00,62.64585695085186,62.8596333544539,60.43036581316811,60.98423767089844,924300,0.0,0.0
2023-10-12 00:00:00-04:00,61.25632036334154,61.25632036334154,59.75989288759023,60.119422912597656,1257700,0.0,0.0
2023-10-13 00:00:00-04:00,60.29433135869852,60.8676378073563,60.05140496022934,60.64414596557617,1189000,0.0,0.0
2023-10-16 00:00:00-04:00,61.47009107412596,63.0539721485246,60.50810466148344,62.402931213378906,1336800,0.0,0.0
2023-10-17 00:00:00-04:00,61.98509024170414,65.36662098502394,61.907352028093,65.33747100830078,2077800,0.0,0.0
2023-10-18 00:00:00-04:00,64.84191200581772,65.89134832333538,63.96737556328242,64.28804016113281,1778800,0.0,0.0
2023-10-19 00:00:00-04:00,63.967380672483124,65.84277275489605,63.802192501678306,64.70587158203125,1201600,0.0,0.0
2023-10-20 00:00:00-04:00,64.4823842052102,65.95937345517035,64.40464597796877,65.0556869506836,2749600,0.0,0.0
2023-10-23 00:00:00-04:00,48.74074969966997,58.205163282777434,48.293766041245654,56.47552490234375,8862400,0.0,0.0
2023-10-24 00:00:00-04:00,54.85277994306033,55.46495548754509,53.41465615016541,54.52239990234375,3762900,0.0,0.0
2023-10-25 00:00:00-04:00,54.493246643341266,55.076268465173726,53.31748016205147,54.1920166015625,1810600,0.0,0.0
2023-10-26 00:00:00-04:00,54.765323190798995,56.737884191884255,54.114278570939234,55.717594146728516,1642800,0.0,0.0
2023-10-27 00:00:00-04:00,55.97995539146873,56.33948539463416,55.15400347849221,55.27061080932617,1642300,0.0,0.0
2023-10-30 00:00:00-04:00,56.26175313959076,57.00996315528744,54.95966754710217,56.32005310058594,1775600,0.0,0.0
2023-10-31 00:00:00-04:00,54.58069544271521,54.7361718791759,50.625854405922,51.694732666015625,3714900,0.0,0.0
2023-11-01 00:00:00-04:00,51.772467164090436,51.91822446985349,48.5269706890585,48.59498977661133,3631700,0.0,0.0
2023-11-02 00:00:00-04:00,49.06141403365936,53.56040798638728,48.84763763005449,53.142574310302734,2741500,0.0,0.0
2023-11-03 00:00:00-04:00,53.92965736731754,54.58069829863197,52.957951829167676,53.82276916503906,2205300,0.0,0.0
2023-11-06 00:00:00-05:00,53.73531551833508,54.26003739855899,52.51096817124173,53.82276916503906,1853700,0.0,0.0
2023-11-07 00:00:00-05:00,53.17172512558764,53.667293290100304,51.75303230567862,51.859920501708984,1230300,0.0,0.0
2023-11-08 00:00:00-05:00,52.510967531906246,52.53040208724411,50.89793650648706,50.93680191040039,1373200,0.0,0.0
2023-11-09 00:00:00-05:00,51.626716560749855,51.7044510767084,48.157728067217505,48.69216537475586,2686100,0.0,0.0
2023-11-10 00:00:00-05:00,48.59499061865288,50.12057166998432,48.08970701857999,49.790191650390625,1859700,0.0,0.0
2023-11-13 00:00:00-05:00,49.40150725378645,50.178870904338254,48.72131266951776,49.78047180175781,1347500,0.0,0.0
2023-11-14 00:00:00-05:00,50.54812018753279,52.8219111892821,50.54812018753279,51.24774932861328,1755600,0.0,0.0
2023-11-15 00:00:00-05:00,51.57813221078728,54.89164797758,51.52954396803032,53.15229415893555,1934700,0.0,0.0
2023-11-16 00:00:00-05:00,54.41550713340531,54.86249076666392,51.23802975419678,51.9182243347168,1782500,0.0,0.0
2023-11-17 00:00:00-05:00,52.57898744364669,52.6081374237277,51.23803275848321,52.13200378417969,1533400,0.0,0.0
2023-11-20 00:00:00-05:00,52.1028463470822,52.88992911347911,51.07284091955783,52.19029998779297,1579600,0.0,0.0
2023-11-21 00:00:00-05:00,51.90850535262454,52.53039997818049,51.50039082720203,51.694732666015625,1010600,0.0,0.0
2023-11-22 00:00:00-05:00,51.510108563652366,51.9862459047838,50.82019852631467,51.61699676513672,959700,0.0,0.0
2023-11-24 00:00:00-05:00,51.82105579827628,52.36520850284053,51.38378758442122,51.58784484863281,497700,0.0,0.0
2023-11-27 00:00:00-05:00,51.01453927847055,51.35463472428874,50.15943739171892,50.5286865234375,1578400,0.0,0.0
2023-11-28 00:00:00-05:00,50.499534149788936,51.306047757385336,49.79018960588679,50.888214111328125,1249600,0.0,0.0
2023-11-29 00:00:00-05:00,51.13114564213956,52.238889389902056,50.655011992475885,51.189449310302734,1288100,0.0,0.0
2023-11-30 00:00:00-05:00,51.461521424827694,52.1708659817071,50.5092504975062,52.14171600341797,3168000,0.0,0.0
2023-12-01 00:00:00-05:00,52.501249797788404,54.279472737512535,51.772470633658024,54.172584533691406,2111500,0.0,0.0
2023-12-04 00:00:00-05:00,53.92965930663642,54.979103104822414,53.57984470724108,53.85192108154297,1866000,0.0,0.0
2023-12-05 00:00:00-05:00,53.511820821390906,53.61870901794068,52.02511261386615,52.25831985473633,1754600,0.0,0.0
2023-12-06 00:00:00-05:00,52.68587508074125,54.01711062041271,52.28747596127334,53.64786148071289,1413700,0.0,0.0
2023-12-07 00:00:00-05:00,53.37578419066423,54.775038796654634,53.20087690157013,53.8033332824707,1804900,0.0,0.0
2023-12-08 00:00:00-05:00,54.36692350745575,54.96937988001778,53.79361711375182,54.29890441894531,1307700,0.0,0.0
2023-12-11 00:00:00-05:00,54.08512653010233,54.44465651755921,53.53125470650905,54.22116470336914,1758100,0.0,0.0
2023-12-12 00:00:00-05:00,54.22116934109103,54.29890756489968,52.705311044447505,53.10371017456055,1346200,0.0,0.0
2023-12-13 00:00:00-05:00,52.99682386355873,56.12571334838867,52.8024820038566,56.12571334838867,1509000,0.0,0.0
2023-12-14 00:00:00-05:00,57.17515163697464,59.827907201071426,57.17515163697464,58.525821685791016,2532700,0.0,0.0
2023-12-15 00:00:00-05:00,58.30233210636102,58.78818487391403,57.826194763183594,57.826194763183594,4583700,0.0,0.0
2023-12-18 00:00:00-05:00,58.088553103799704,58.088553103799704,56.475522135955444,57.22373580932617,1690400,0.0,0.0
2023-12-19 00:00:00-05:00,58.205164266998636,59.410077080235396,57.7970460061031,59.25460433959961,1961500,0.0,0.0
2023-12-20 00:00:00-05:00,59.001964373856154,59.478098035255655,57.87478604225639,58.039974212646484,2172400,0.0,0.0
2023-12-21 00:00:00-05:00,58.85620252053622,60.35262989750109,58.47723796422642,60.34291076660156,1804100,0.0,0.0
2023-12-22 00:00:00-05:00,60.692725538403195,61.829622917741446,60.342910960145275,60.964805603027344,1655600,0.0,0.0
2023-12-26 00:00:00-05:00,61.21744827162319,62.1891537997442,60.877352819485814,61.9365119934082,1180600,0.0,0.0
2023-12-27 00:00:00-05:00,61.77132050954175,62.16971963027383,61.42150592416481,61.82962417602539,1194400,0.0,0.0
2023-12-28 00:00:00-05:00,62.447428249183375,62.447428249183375,61.859043175647955,62.084590911865234,1097100,0.58,0.0
2023-12-29 00:00:00-05:00,61.613884967498215,62.172851935585264,61.388333479940556,61.82962417602539,1405100,0.0,0.0
2024-01-02 00:00:00-05:00,61.59426940427828,64.53619854309724,61.59426940427828,63.5849723815918,1776700,0.0,0.0
2024-01-03 00:00:00-05:00,62.82987947137048,63.251556816079905,59.76046179083899,60.00562286376953,1815500,0.0,0.0
2024-01-04 00:00:00-05:00,60.44691723052919,60.77053166215158,58.70137148185953,59.10343551635742,1959700,0.0,0.0
2024-01-05 00:00:00-05:00,58.828855220848695,60.2213683789995,58.16201677470679,59.60356140136719,1129900,0.0,0.0
2024-01-08 00:00:00-05:00,59.22111143152285,60.70188648824309,58.701371125436815,60.38808059692383,1085800,0.0,0.0
2024-01-09 00:00:00-05:00,59.887945127706175,60.34884913058943,58.89749606333223,59.417236328125,1018400,0.0,0.0
2024-01-10 00:00:00-05:00,58.77001157797839,59.31917371754798,58.07375504198087,58.35813903808594,1098800,0.0,0.0
2024-01-11 00:00:00-05:00,58.544468084252586,58.8190473034936,57.61285520929178,57.789371490478516,1339800,0.0,0.0
2024-01-12 00:00:00-05:00,58.328724102687865,58.544467051635515,56.985242422562095,57.08330535888672,1016200,0.0,0.0
2024-01-16 00:00:00-05:00,56.38705055423458,56.534148704198856,54.97492402619513,55.93595504760742,2003000,0.0,0.0
2024-01-17 00:00:00-05:00,55.1220179545134,55.70059827000569,53.88640772086379,54.39634323120117,1546900,0.0,0.0
2024-01-18 00:00:00-05:00,54.278660117419406,54.396340125991195,53.25879289582498,53.97466278076172,1233800,0.0,0.0
2024-01-19 00:00:00-05:00,54.10214812794864,54.94550288516443,53.327441918264235,54.57286071777344,1489900,0.0,0.0
2024-01-22 00:00:00-05:00,54.0727280232297,55.337760112949354,53.81776214215643,55.30834197998047,1303300,0.0,0.0
2024-01-23 00:00:00-05:00,56.387045573031266,56.916594377088984,55.818270100333486,56.70085144042969,1409100,0.0,0.0
2024-01-24 00:00:00-05:00,56.98524330824027,57.308853995830155,55.18085756944987,55.906532287597656,1326600,0.0,0.0
2024-01-25 00:00:00-05:00,56.3870498166131,56.78911384827971,55.21027585487674,56.35763168334961,864100,0.0,0.0
2024-01-26 00:00:00-05:00,57.210791515957716,57.9364699807759,56.82834081808027,57.22059631347656,1145300,0.0,0.0
2024-01-29 00:00:00-05:00,57.0146592951272,57.05388596513454,55.52407950259863,56.68124008178711,1143200,0.0,0.0
2024-01-30 00:00:00-05:00,56.112468629322564,57.12253107179985,55.89672568399298,56.37724304199219,922500,0.0,0.0
2024-01-31 00:00:00-05:00,56.47530427161841,57.181369350753826,55.09259598555226,55.11220932006836,1387500,0.0,0.0
2024-02-01 00:00:00-05:00,57.21078915844423,60.966654918094285,56.93620994889541,60.93723678588867,3790800,0.0,0.0
2024-02-02 00:00:00-05:00,60.54498314752279,60.89801196730744,58.868078484454614,60.24098205566406,2948700,0.0,0.0
2024-02-05 00:00:00-05:00,58.83865762049253,60.23117072189753,58.59349654707382,59.250526428222656,3620400,0.0,0.0
2024-02-06 00:00:00-05:00,51.09156753036961,56.22034061138149,50.99350459480101,52.41543960571289,5841200,0.0,0.0
2024-02-07 00:00:00-05:00,52.47427876392816,54.30808643523151,52.30757101609772,53.59221649169922,3777100,0.0,0.0
2024-02-08 00:00:00-05:00,53.3470512414913,53.7981467202061,50.59143942081324,51.03273010253906,2738600,0.0,0.0
2024-02-09 00:00:00-05:00,50.88563402997924,51.395569533938065,49.650023811785296,50.74834442138672,3290700,0.0,0.0
2024-02-12 00:00:00-05:00,50.90524584817109,52.91556593019538,50.51298662886145,52.57234191894531,2259500,0.0,0.0
2024-02-13 00:00:00-05:00,51.18963425497835,52.013375633457954,50.27763473805946,50.493377685546875,2501400,0.0,0.0
2024-02-14 00:00:00-05:00,50.88563458510148,51.09156900023684,49.620602479222015,50.14034652709961,2571300,0.0,0.0
2024-02-15 00:00:00-05:00,50.55221202684596,51.66034111377824,50.23840615563947,50.7385368347168,2154400,0.0,0.0
2024-02-16 00:00:00-05:00,50.48356866464308,51.768214058337286,50.110922779145476,51.32692337036133,1969400,0.0,0.0
2024-02-20 00:00:00-05:00,50.79737507834859,50.895441754962846,49.73828115694309,50.003055572509766,2112700,0.0,0.0
2024-02-21 00:00:00-05:00,49.80692926419682,50.32666959171628,49.0616374359327,50.12073516845703,1807300,0.0,0.0
2024-02-22 00:00:00-05:00,50.20898931205729,50.81698773550696,49.267571674291126,50.6502799987793,1536000,0.0,0.0
2024-02-23 00:00:00-05:00,50.37569705634558,51.54266617705904,50.0716997150057,51.36614990234375,1254000,0.0,0.0
2024-02-26 00:00:00-05:00,50.846405257107186,51.88588955769682,50.483567914986544,51.52305221557617,1714800,0.0,0.0
2024-02-27 00:00:00-05:00,51.9937600506946,52.26833925136523,51.5524693775732,51.75840377807617,1545900,0.0,0.0
2024-02-28 00:00:00-05:00,51.30731130831396,51.42498758107369,50.02266588274432,50.29724884033203,2023400,0.0,0.0
2024-02-29 00:00:00-05:00,50.591442253366615,55.455437339946634,50.44434410426845,55.29853439331055,4853000,0.0,0.0
2024-03-01 00:00:00-05:00,55.38678899984797,56.534144763350675,54.78859538495506,56.20072555541992,2807100,0.0,0.0
2024-03-04 00:00:00-05:00,56.20072639026925,58.27969126661709,56.09285491832732,57.66188430786133,2925500,0.0,0.0
2024-03-05 00:00:00-05:00,57.53440070306127,58.94653092400795,57.122531882525976,58.55427169799805,2030800,0.0,0.0
2024-03-06 00:00:00-05:00,59.132851626579104,60.72149437428054,58.47582172913968,60.32923889160156,1982300,0.0,0.0
2024-03-07 00:00:00-05:00,60.799948014221485,63.12407775270131,60.466528794831625,62.1728515625,1907000,0.0,0.0
2024-03-08 00:00:00-05:00,62.486659242895435,63.261369177993394,61.40794821227692,61.476593017578125,1861400,0.0,0.0
2024-03-11 00:00:00-04:00,61.2804625233354,63.584971337366746,61.241235854443865,62.91814041137695,1847700,0.0,0.0
2024-03-12 00:00:00-04:00,63.526135221281514,63.78110482880299,61.93749253612399,62.6141357421875,1547200,0.0,0.0
2024-03-13 00:00:00-04:00,62.89852205528407,65.7816185654662,62.76123245782034,64.4381332397461,2514600,0.0,0.0
2024-03-14 00:00:00-04:00,63.918399408891055,64.0360794250046,62.32975659997157,62.82988357543945,1938900,0.0,0.0
2024-03-15 00:00:00-04:00,62.18266032332465,64.62446648874334,61.908081092511516,63.79092025756836,6225300,0.0,0.0
2024-03-18 00:00:00-04:00,63.173108278791034,65.61491813761633,62.8396927854899,64.78136444091797,2280400,0.0,0.0
2024-03-19 00:00:00-04:00,64.03607729980212,64.43813758183197,60.41749735292126,60.47633361816406,2370400,0.0,0.0
2024-03-20 00:00:00-04:00,62.30033080653838,63.59478097546988,61.80020386253076,62.86910629272461,2751900,0.0,0.0
2024-03-21 00:00:00-04:00,63.25155773162869,63.83994281883426,62.81027078665508,63.65362548828125,1899200,0.0,0.0
2024-03-22 00:00:00-04:00,63.68304099012713,64.17336312283406,61.152976989746094,61.152976989746094,1313100,0.0,0.0
2024-03-25 00:00:00-04:00,61.76097550392997,62.7023931027051,61.33929816973384,61.60407257080078,1547700,0.0,0.0
2024-03-26 00:00:00-04:00,61.96691329442707,62.76123654111054,60.86859270239878,61.23143005371094,1582900,0.0,0.0
2024-03-27 00:00:00-04:00,61.48878838234199,62.4687305064904,61.399702734692134,62.062896728515625,1299700,0.58,0.0
2024-03-28 00:00:00-04:00,62.270760791229925,63.676333896633714,61.79563860482083,63.052734375,2018000,0.0,0.0
2024-04-01 00:00:00-04:00,63.34968575853002,63.59714546852428,61.98370710209977,62.122283935546875,1359900,0.0,0.0
2024-04-02 00:00:00-04:00,62.13218397026945,62.13218397026945,59.50910955372246,59.72687530517578,1564700,0.0,0.0
2024-04-03 00:00:00-04:00,59.73677300129623,60.35047580608806,59.014191094946696,59.42002487182617,1630000,0.0,0.0
2024-04-04 00:00:00-04:00,59.964438397567555,60.627628604135175,58.479680146037715,58.60835647583008,1936600,0.0,0.0
2024-04-05 00:00:00-04:00,58.25201417131718,58.86571697023966,57.6383151483302,58.14313507080078,1658700,0.0,0.0
2024-04-08 00:00:00-04:00,58.628154574308645,60.696917919796675,58.331203674789926,59.528907775878906,1541900,0.0,0.0
2024-04-09 00:00:00-04:00,60.92457869327444,63.131918811568674,60.15250562099214,63.11212158203125,1817600,0.0,0.0
2024-04-10 00:00:00-04:00,61.716448696853035,63.02303563252543,60.89488444266506,61.587772369384766,1616800,0.0,0.0
2024-04-11 00:00:00-04:00,61.607572252216144,62.052996718065714,59.84565651536992,60.9146842956543,1485800,0.0,0.0
2024-04-12 00:00:00-04:00,60.08321934063419,60.172304988750525,55.945692618671885,56.17335510253906,2007100,0.0,0.0
2024-04-15 00:00:00-04:00,56.42081239334193,57.687804866858,55.61904159473138,56.163455963134766,1553600,0.0,0.0
2024-04-16 00:00:00-04:00,55.836809505411345,56.25254378685048,54.81727669587449,54.86676788330078,1499900,0.0,0.0
2024-04-17 00:00:00-04:00,55.88630116811741,55.9159989015742,54.91625953775722,55.4903678894043,1544700,0.0,0.0
2024-04-18 00:00:00-04:00,56.24264388614932,56.63858094167121,55.470570781410785,56.36142349243164,1459800,0.0,0.0
2024-04-19 00:00:00-04:00,56.21295008682995,57.26217686782653,56.02487828575651,57.23248291015625,1343800,0.0,0.0
2024-04-22 00:00:00-04:00,57.23248057532256,58.25201335705641,55.82691125588116,57.658111572265625,2029200,0.0,0.0
2024-04-23 00:00:00-04:00,56.975125940907134,58.727141170068386,56.86624306253971,58.05405044555664,1583300,0.0,0.0
2024-04-24 00:00:00-04:00,57.766996573242814,58.093641434118894,57.103802572414075,57.80659103393555,1011400,0.0,0.0
2024-04-25 00:00:00-04:00,57.717504558105695,57.98476150004779,56.28223747401763,57.212684631347656,1056900,0.0,0.0
2024-04-26 00:00:00-04:00,57.410653276378675,58.20252360086575,56.72766582949648,57.8659782409668,942800,0.0,0.0
2024-04-29 00:00:00-04:00,58.440084521652835,59.59819412231445,58.15303035918724,59.59819412231445,1642000,0.0,0.0
2024-04-30 00:00:00-04:00,59.0834796674083,59.69718247381153,58.39059549233296,58.4103889465332,1957900,0.0,0.0
2024-05-01 00:00:00-04:00,58.6281548479203,58.65784880523008,56.985022501917136,57.18299102783203,1380800,0.0,0.0
2024-05-02 00:00:00-04:00,58.70734287955386,59.95453815483881,57.71750404090579,59.91494369506836,1864500,0.0,0.0
2024-05-03 00:00:00-04:00,60.3801694083352,61.290819331224974,60.033727323743555,61.22153091430664,1482000,0.0,0.0
2024-05-06 00:00:00-04:00,61.370006682914266,62.03319687816772,60.08321697539509,60.36037063598633,1955100,0.0,0.0
2024-05-07 00:00:00-04:00,61.5481762309979,67.77426312295616,60.72660822329314,66.07173919677734,6580700,0.0,0.0
2024-05-08 00:00:00-04:00,65.50753264463796,66.56665986759398,64.07226939314819,64.18114471435547,2705700,0.0,0.0
2024-05-09 00:00:00-04:00,65.14129277621079,66.69533947995134,64.60677888709434,66.33899688720703,1352100,0.0,0.0
2024-05-10 00:00:00-04:00,66.75473678984062,67.24965623210961,65.91336769648623,66.84381866455078,1304100,0.0,0.0
2024-05-13 00:00:00-04:00,67.04179014740436,68.0217285165115,65.95296134631721,66.03215026855469,1663300,0.0,0.0
2024-05-14 00:00:00-04:00,66.87351170204145,67.42782660502318,65.50753677886011,65.59661865234375,1195200,0.0,0.0
2024-05-15 00:00:00-04:00,66.1806249528999,66.1806249528999,62.686495082062436,63.2704963684082,2520000,0.0,0.0
2024-05-16 00:00:00-04:00,63.08242705128848,64.12175704895908,62.023299824260704,63.49816131591797,1376400,0.0,0.0
2024-05-17 00:00:00-04:00,63.75552216168556,63.75552216168556,62.676593918533555,63.32988739013672,1281000,0.0,0.0
2024-05-20 00:00:00-04:00,63.26059894517735,64.00298183740385,62.49842259933962,63.221004486083984,864800,0.0,0.0
2024-05-21 00:00:00-04:00,62.95374827217078,64.60677731093007,62.75578352630739,63.37937927246094,1551400,0.0,0.0
2024-05-22 00:00:00-04:00,62.37964328903332,63.26059924032588,62.112386352809374,62.97354507446289,1479500,0.0,0.0
2024-05-23 00:00:00-04:00,62.73598838700371,63.06263324931105,58.836020838199445,59.439823150634766,1868600,0.0,0.0
2024-05-24 00:00:00-04:00,59.89514771493535,61.1522435193608,59.54870562455398,61.1324462890625,1435400,0.0,0.0
2024-05-28 00:00:00-04:00,61.36011241258615,62.359847996838084,60.64742722718004,62.2509651184082,1587200,0.0,0.0
2024-05-29 00:00:00-04:00,61.55807637940146,61.567976882370246,59.85555613451745,59.885250091552734,1527300,0.0,0.0
2024-05-30 00:00:00-04:00,59.98423258779261,60.99386866433937,59.429925250348894,60.538543701171875,1729800,0.0,0.0
2024-05-31 00:00:00-04:00,60.57813673828401,61.21163298101639,59.776365932112135,60.3306770324707,12101300,0.0,0.0
2024-06-03 00:00:00-04:00,60.63752600695711,60.68702096997486,57.915469182144605,58.33120346069336,2097100,0.0,0.0
2024-06-04 00:00:00-04:00,57.796688790884474,57.85608048013565,55.88629954322964,56.074371337890625,2752300,0.0,0.0
2024-06-05 00:00:00-04:00,56.44061122814421,57.56902690395834,55.826912203320575,57.24238204956055,2151000,0.0,0.0
2024-06-06 00:00:00-04:00,57.15329688894455,58.11343800628771,56.29213437034103,58.083744049072266,1549300,0.0,0.0
2024-06-07 00:00:00-04:00,56.836542494627004,58.0837415061713,56.03477547742678,56.084266662597656,2267700,0.0,0.0
2024-06-10 00:00:00-04:00,55.43097565995683,55.460669617189566,53.89672619598442,54.43124008178711,2271800,0.0,0.0
2024-06-11 00:00:00-04:00,53.451298307799185,57.36116255031606,52.916784418496654,56.608882904052734,3777000,0.0,0.0
2024-06-12 00:00:00-04:00,57.7669935405708,59.24185125255944,56.500001072403045,56.7375602722168,1987000,0.0,0.0
2024-06-13 00:00:00-04:00,56.3812175998073,56.70786621890991,54.50052613009009,54.85686492919922,1281400,0.0,0.0
2024-06-14 00:00:00-04:00,54.005610065674766,55.01524616542312,53.81753826391826,54.233272552490234,1266400,0.0,0.0
2024-06-17 00:00:00-04:00,54.5500201917165,55.480467361000855,53.94621788282328,55.38148498535156,1435500,0.0,0.0
2024-06-18 00:00:00-04:00,55.559655861507,56.51979698102773,53.90662301394623,54.975650787353516,1864000,0.0,0.0
2024-06-20 00:00:00-04:00,55.579453592747846,55.599247047157775,53.66906428766354,53.82743835449219,1819400,0.0,0.0
2024-06-21 00:00:00-04:00,53.85713229452247,56.90583779990161,53.84723556732072,55.817012786865234,4282800,0.0,0.0
2024-06-24 00:00:00-04:00,56.420814187522886,58.01445533275874,56.242642893276916,56.559391021728516,1971300,0.0,0.0
2024-06-25 00:00:00-04:00,56.203046584957036,56.36142064397458,55.34188787504507,55.9456901550293,1268500,0.0,0.0
2024-06-26 00:00:00-04:00,55.678432933530395,56.608880053438426,55.490364919402765,56.19314956665039,1096200,0.0,0.0
2024-06-27 00:00:00-04:00,56.25254410025154,56.886040365082906,55.98528715553789,56.500003814697266,918900,0.0,0.0
2024-06-28 00:00:00-04:00,56.91999816894531,58.060001373291016,56.91999816894531,57.54999923706055,2772600,0.58,0.0
2024-07-01 00:00:00-04:00,57.36000061035156,58.15999984741211,56.349998474121094,56.61000061035156,1520300,0.0,0.0
2024-07-02 00:00:00-04:00,56.83000183105469,57.36000061035156,56.04600143432617,56.12810134887695,324866,0.0,0.0
